id,day_cen,wellbeing,positive_affect,negative_affect,dysphoria,decentering,tms,age,gender_female,BFI_N,BFI_E,BFI_O,BFI_A,BFI_C
101,0,3,2,1,1.625,3.75,15,53,1,24,26,34,19,41
101,1,3.5,2.5,1,2,4,15,53,1,24,26,34,19,41
101,2,NA,NA,NA,NA,NA,15,53,1,24,26,34,19,41
101,3,NA,NA,NA,NA,NA,15,53,1,24,26,34,19,41
101,4,NA,NA,NA,NA,NA,15,53,1,24,26,34,19,41
101,5,NA,NA,NA,NA,NA,15,53,1,24,26,34,19,41
101,6,NA,NA,NA,NA,NA,15,53,1,24,26,34,19,41
102,0,3.2,2.85,1.45,1.1,2.9,10,44,1,26,28,35,29,29
102,1,1.5,1.3125,3.25,2.75,2.125,10,44,1,26,28,35,29,29
102,2,3.6666666666666665,3.4166666666666665,1.25,1.1666666666666667,2.9166666666666665,10,44,1,26,28,35,29,29
102,3,2,1.75,2.3125,1.4375,2.6875,10,44,1,26,28,35,29,29
102,4,2.1,1.2,1.05,1.25,2.95,10,44,1,26,28,35,29,29
102,5,1.75,1.5,1.5,1,3,10,44,1,26,28,35,29,29
102,6,1.75,1.375,1.9375,1.125,2.8333333333333335,10,44,1,26,28,35,29,29
103,0,4.166666666666667,3.6666666666666665,1,1.0833333333333333,2.75,26,63,0,17,13,21,40,38
103,1,3.75,3.2916666666666665,1.125,1.0833333333333333,3.375,26,63,0,17,13,21,40,38
103,2,3.0833333333333335,2.5416666666666665,1.125,1.25,2.8333333333333335,26,63,0,17,13,21,40,38
103,3,3.75,3.3333333333333335,1,1.0416666666666667,3,26,63,0,17,13,21,40,38
103,4,4.25,4.083333333333333,1,1.2916666666666667,3.7083333333333335,26,63,0,17,13,21,40,38
103,5,4.5,4.416666666666667,1,1.0416666666666667,4.083333333333333,26,63,0,17,13,21,40,38
103,6,4.416666666666667,4.541666666666667,1,1.0416666666666667,4.083333333333333,26,63,0,17,13,21,40,38
104,0,3.6666666666666665,3.4166666666666665,1.5833333333333333,2.25,3.6666666666666665,18,37,1,28,21,34,34,35
104,1,3.6,3.25,1.25,1.05,3.3,18,37,1,28,21,34,34,35
104,2,3.3333333333333335,3.125,1.25,1,2.6666666666666665,18,37,1,28,21,34,34,35
104,3,3.25,2.9583333333333335,1.125,1.1666666666666667,3.1666666666666665,18,37,1,28,21,34,34,35
104,4,3,3.25,1,1,3,18,37,1,28,21,34,34,35
104,5,2.3333333333333335,2.875,1.0833333333333333,1,2.9166666666666665,18,37,1,28,21,34,34,35
104,6,3.25,3.0833333333333335,1.1666666666666667,1,3.0833333333333335,18,37,1,28,21,34,34,35
105,0,3.8,4.1,1.1,1.1,3.55,21,44,1,21,27,32,34,34
105,1,2.6666666666666665,3.5,1.0416666666666667,1.125,3.1666666666666665,21,44,1,21,27,32,34,34
105,2,3.3333333333333335,3.625,1,1,3.2083333333333335,21,44,1,21,27,32,34,34
105,3,2.7,3.2,1,1,3.3,21,44,1,21,27,32,34,34
105,4,3.5833333333333335,3.625,1,1,3.6666666666666665,21,44,1,21,27,32,34,34
105,5,3.3333333333333335,3.5416666666666665,1,1.0833333333333333,3.3333333333333335,21,44,1,21,27,32,34,34
105,6,3.8333333333333335,3.0416666666666665,1,1.0833333333333333,3.3333333333333335,21,44,1,21,27,32,34,34
107,0,1.6666666666666667,1.7916666666666667,1.75,1.5833333333333333,2.5,17,51,1,32,20,41,34,29
107,1,2.2,2.85,1.3,1.5,2.7,17,51,1,32,20,41,34,29
107,2,2.1,2.15,1.45,1.45,2.65,17,51,1,32,20,41,34,29
107,3,3,2.5,2.5,1.25,3,17,51,1,32,20,41,34,29
107,4,1.3333333333333333,1.5,2.25,2.7083333333333335,2.5833333333333335,17,51,1,32,20,41,34,29
107,5,1.75,2,1.4583333333333333,1.4166666666666667,2.7916666666666665,17,51,1,32,20,41,34,29
107,6,2.0833333333333335,2.0833333333333335,1.3333333333333333,1.5416666666666667,3.125,17,51,1,32,20,41,34,29
108,0,1.6666666666666667,2.375,1.25,1.375,2.875,16,29,0,27,26,37,29,30
108,1,2.5,2.95,1.05,1,2.95,16,29,0,27,26,37,29,30
108,2,2.1,2.35,1.05,1.05,2.85,16,29,0,27,26,37,29,30
108,3,2.1666666666666665,2,1,1,2.9166666666666665,16,29,0,27,26,37,29,30
108,4,1.625,2.1875,1.3125,1.1875,3,16,29,0,27,26,37,29,30
108,5,1.6,1.65,1.8,2.1,2.6,16,29,0,27,26,37,29,30
108,6,1.5,1.6666666666666667,1.625,1.5833333333333333,2.9583333333333335,16,29,0,27,26,37,29,30
109,0,2.6666666666666665,2.7916666666666665,1,1,3.625,16,56,0,19,20,26,34,33
109,1,2.3333333333333335,2.6666666666666665,1,1,3.8333333333333335,16,56,0,19,20,26,34,33
109,2,2.1666666666666665,2.4166666666666665,1.0833333333333333,1,3.4583333333333335,16,56,0,19,20,26,34,33
109,3,2.0833333333333335,2.375,1,1.0416666666666667,3.625,16,56,0,19,20,26,34,33
109,4,2.25,2.5833333333333335,1,1,3.2916666666666665,16,56,0,19,20,26,34,33
109,5,2.0833333333333335,2.5833333333333335,1,1,3.3333333333333335,16,56,0,19,20,26,34,33
109,6,1.75,1.75,1.0416666666666667,1,3.3333333333333335,16,56,0,19,20,26,34,33
110,0,3.5,2.75,1.15,1,3.35,22,47,1,23,24,35,31,37
110,1,3.5833333333333335,2.75,1.125,1,3.375,22,47,1,23,24,35,31,37
110,2,4.75,4.208333333333333,1,1,3.625,22,47,1,23,24,35,31,37
110,3,4.4,3.6,1,1,3.55,22,47,1,23,24,35,31,37
110,4,3.5833333333333335,2.7083333333333335,1.9166666666666665,1.125,3.4583333333333335,22,47,1,23,24,35,31,37
110,5,3.6,2.5,1,1,3.3,22,47,1,23,24,35,31,37
110,6,3.4166666666666665,2.5833333333333335,1.625,1.0416666666666667,3.2916666666666665,22,47,1,23,24,35,31,37
112,0,2.3,2.3,2.3,2.4,2.65,19,18,0,20,25,35,37,32
112,1,2.5,3.1666666666666665,1.1666666666666667,1.375,2.9166666666666665,19,18,0,20,25,35,37,32
112,2,2.6,3.4,2.05,1.65,2.9,19,18,0,20,25,35,37,32
112,3,3,3.4,1.05,1.15,3,19,18,0,20,25,35,37,32
112,4,2.2,2.8,1.8,1.4,3,19,18,0,20,25,35,37,32
112,5,2.6666666666666665,2.3333333333333335,1,1.0833333333333333,3,19,18,0,20,25,35,37,32
112,6,2.5833333333333335,3.125,1.7083333333333333,1.6666666666666667,3.0833333333333335,19,18,0,20,25,35,37,32
113,0,3.8333333333333335,2.4583333333333335,1.3333333333333333,1.875,3.4166666666666665,26,52,1,22,24,32,33,32
113,1,3.8333333333333335,2.7916666666666665,1.25,1.4166666666666667,3.25,26,52,1,22,24,32,33,32
113,2,3.3333333333333335,2.1666666666666665,1.75,1.4583333333333333,3.25,26,52,1,22,24,32,33,32
113,3,2.9166666666666665,2.8333333333333335,2.625,2.25,3.0833333333333335,26,52,1,22,24,32,33,32
113,4,3.0833333333333335,2.6666666666666665,2.75,2.8333333333333335,3.0416666666666665,26,52,1,22,24,32,33,32
113,5,3.3333333333333335,2.375,2.4583333333333335,2.9166666666666665,3.375,26,52,1,22,24,32,33,32
113,6,2.5,2.8125,2.625,2.8125,3.0625,26,52,1,22,24,32,33,32
114,0,3.5833333333333335,2.8333333333333335,1.125,1.2083333333333333,3.7916666666666665,26,53,1,14,20,31,40,35
114,1,3.6,2.75,1.4,1.05,3.7,26,53,1,14,20,31,40,35
114,2,3.3333333333333335,2.5416666666666665,1.1666666666666667,1.125,3.5416666666666665,26,53,1,14,20,31,40,35
114,3,4,2.9166666666666665,1.375,1,4.083333333333333,26,53,1,14,20,31,40,35
114,4,3.25,2.25,1.625,1.4166666666666667,2.8333333333333335,26,53,1,14,20,31,40,35
114,5,3.4166666666666665,2.4166666666666665,1.6666666666666667,1.125,3.0416666666666665,26,53,1,14,20,31,40,35
114,6,3.6,2.4,1.7,1.25,3.35,26,53,1,14,20,31,40,35
115,0,3.5,2.05,1.05,1,3,25,42,1,16,35,42,38,26
115,1,3.0833333333333335,1.6666666666666665,1.0416666666666667,1,3.3333333333333335,25,42,1,16,35,42,38,26
115,2,3.9166666666666665,3.2916666666666665,1.125,1,3.0833333333333335,25,42,1,16,35,42,38,26
115,3,3.7,3.6,1.15,1,3.1,25,42,1,16,35,42,38,26
115,4,4,3.65,1.1,1,3.4,25,42,1,16,35,42,38,26
115,5,3,2.6,1.1,1.05,3,25,42,1,16,35,42,38,26
115,6,4,3.5416666666666665,1,1,3.0416666666666665,25,42,1,16,35,42,38,26
116,0,2.5,2.4166666666666665,2.1666666666666665,2.5416666666666665,3.0416666666666665,NA,64,0,NA,NA,NA,NA,NA
116,1,2.6666666666666665,2.375,2.125,2.6666666666666665,2.8333333333333335,NA,64,0,NA,NA,NA,NA,NA
116,2,3.1666666666666665,2.1666666666666665,1.9583333333333333,2.625,3.0416666666666665,NA,64,0,NA,NA,NA,NA,NA
116,3,2.8333333333333335,2,2,2.5833333333333335,3,NA,64,0,NA,NA,NA,NA,NA
116,4,3,2,2,2.125,3.2083333333333335,NA,64,0,NA,NA,NA,NA,NA
116,5,2.75,2,2,2.6,2.9,NA,64,0,NA,NA,NA,NA,NA
116,6,2.5,2.0833333333333335,2,2.875,2.9583333333333335,NA,64,0,NA,NA,NA,NA,NA
118,0,2.3333333333333335,1.75,2.6666666666666665,2.8333333333333335,1.5,10,27,1,35,21,35,28,33
118,1,1.5,1.375,3.5,2.75,1.625,10,27,1,35,21,35,28,33
118,2,1.8333333333333333,1.8333333333333333,2.5,2.4166666666666665,2.4166666666666665,10,27,1,35,21,35,28,33
118,3,1.75,2,2.5625,2.4375,2.3125,10,27,1,35,21,35,28,33
118,4,1,1.0833333333333333,3.75,3.0833333333333335,1.3333333333333333,10,27,1,35,21,35,28,33
118,5,1.375,1.1875,3.4375,3.3125,1.25,10,27,1,35,21,35,28,33
118,6,1.125,1.0625,3.9375,3.3125,1.0625,10,27,1,35,21,35,28,33
119,0,NA,NA,NA,NA,NA,19,37,1,27,15,18,40,44
119,1,NA,NA,NA,NA,NA,19,37,1,27,15,18,40,44
119,2,NA,NA,NA,NA,NA,19,37,1,27,15,18,40,44
119,3,NA,NA,NA,NA,NA,19,37,1,27,15,18,40,44
119,4,NA,NA,NA,NA,NA,19,37,1,27,15,18,40,44
119,5,NA,NA,NA,NA,NA,19,37,1,27,15,18,40,44
119,6,NA,NA,NA,NA,NA,19,37,1,27,15,18,40,44
120,0,3.2,2.95,1.7,1.55,3.4,21,29,1,24,27,31,38,26
120,1,3.4166666666666665,3.3333333333333335,1.2083333333333333,1.0833333333333333,3.5,21,29,1,24,27,31,38,26
120,2,3.625,3.125,1.25,1,3.5625,21,29,1,24,27,31,38,26
120,3,3.25,3.1666666666666665,1.25,1.0416666666666667,3.3333333333333335,21,29,1,24,27,31,38,26
120,4,3.2,2.9,1.3,1.15,3.2,21,29,1,24,27,31,38,26
120,5,3,2.6,1.2,1.2,3.2,21,29,1,24,27,31,38,26
120,6,2.75,2.5,1.5833333333333333,1.25,3.2916666666666665,21,29,1,24,27,31,38,26
122,0,NA,NA,NA,NA,NA,15,56,1,24,21,27,33,33
122,1,NA,NA,NA,NA,NA,15,56,1,24,21,27,33,33
122,2,NA,NA,NA,NA,NA,15,56,1,24,21,27,33,33
122,3,NA,NA,NA,NA,NA,15,56,1,24,21,27,33,33
122,4,NA,NA,NA,NA,NA,15,56,1,24,21,27,33,33
122,5,NA,NA,NA,NA,NA,15,56,1,24,21,27,33,33
122,6,NA,NA,NA,NA,NA,15,56,1,24,21,27,33,33
124,0,1.5,1.25,3.4583333333333335,2.9166666666666665,3.25,21,47,1,29,28,35,28,44
124,1,1.4166666666666667,1.375,1.6666666666666667,2.7916666666666665,4.416666666666667,21,47,1,29,28,35,28,44
124,2,1.5,1.5416666666666667,1.5416666666666667,2.3333333333333335,4.5,21,47,1,29,28,35,28,44
124,3,2.0833333333333335,1.5416666666666667,1.4583333333333333,1.9583333333333333,4.333333333333333,21,47,1,29,28,35,28,44
124,4,1.5,1.1666666666666667,2.3333333333333335,2.5416666666666665,4.333333333333333,21,47,1,29,28,35,28,44
124,5,2,1.6,1.3,1.95,4.3,21,47,1,29,28,35,28,44
124,6,1.4166666666666667,1.1666666666666667,2.3333333333333335,2.4166666666666665,3.25,21,47,1,29,28,35,28,44
126,0,3,2.75,1.0833333333333333,1,3.1666666666666665,20,50,1,22,26,41,35,31
126,1,2.75,2.5,1,1,3,20,50,1,22,26,41,35,31
126,2,2.5,2.75,1,1,3,20,50,1,22,26,41,35,31
126,3,2.3333333333333335,2.5416666666666665,1,1.0833333333333333,3,20,50,1,22,26,41,35,31
126,4,2.6666666666666665,2.5833333333333335,1.1666666666666667,1.0416666666666667,3,20,50,1,22,26,41,35,31
126,5,2.1666666666666665,2.4166666666666665,1.1666666666666667,1.0833333333333333,3.1666666666666665,20,50,1,22,26,41,35,31
126,6,2,2.4166666666666665,1,1.0833333333333333,3,20,50,1,22,26,41,35,31
127,0,2.625,2.125,1.3125,1.9375,3.25,15,53,1,33,28,41,30,36
127,1,2.5,2.25,1.85,2.65,2.6,15,53,1,33,28,41,30,36
127,2,3.0833333333333335,2.6666666666666665,1.375,1.75,3.0416666666666665,15,53,1,33,28,41,30,36
127,3,2.8333333333333335,2.6666666666666665,1.5833333333333333,1.6666666666666667,2.8333333333333335,15,53,1,33,28,41,30,36
127,4,2.625,2.75,1.5625,1.8125,3.125,15,53,1,33,28,41,30,36
127,5,2.6666666666666665,2.8333333333333335,1.2916666666666667,1.75,3.2083333333333335,15,53,1,33,28,41,30,36
127,6,2.1,2.35,2,2.25,2.7,15,53,1,33,28,41,30,36
128,0,3.1666666666666665,3.2083333333333335,1,1.2083333333333333,3.2083333333333335,22,22,0,21,23,40,36,29
128,1,2.75,2.875,1.125,1.375,3.0625,22,22,0,21,23,40,36,29
128,2,3.1666666666666665,3.1666666666666665,1,1.0833333333333333,3,22,22,0,21,23,40,36,29
128,3,3.5,3.0833333333333335,1,1,3.375,22,22,0,21,23,40,36,29
128,4,2.8333333333333335,2.8333333333333335,1,1.0833333333333333,3,22,22,0,21,23,40,36,29
128,5,3,2.875,1.375,1.125,3.25,22,22,0,21,23,40,36,29
128,6,3,2.625,1,1,3,22,22,0,21,23,40,36,29
130,0,3.5,3.4375,1.875,1.3125,2.5625,23,34,1,24,29,41,41,43
130,1,3.3333333333333335,3.0416666666666665,1.7916666666666667,1.6666666666666667,2.3333333333333335,23,34,1,24,29,41,41,43
130,2,3.5,3.25,1,1.2,2.85,23,34,1,24,29,41,41,43
130,3,3.75,3.375,1.25,1.125,2.9375,23,34,1,24,29,41,41,43
130,4,3.8,3.45,1.1,1,2.9,23,34,1,24,29,41,41,43
130,5,4,3.9166666666666665,1,1,3.2083333333333335,23,34,1,24,29,41,41,43
130,6,4,4,1.15,1,3.1,23,34,1,24,29,41,41,43
131,0,NA,NA,NA,NA,NA,14,57,0,27,26,30,32,34
131,1,NA,NA,NA,NA,NA,14,57,0,27,26,30,32,34
131,2,NA,NA,NA,NA,NA,14,57,0,27,26,30,32,34
131,3,NA,NA,NA,NA,NA,14,57,0,27,26,30,32,34
131,4,NA,NA,NA,NA,NA,14,57,0,27,26,30,32,34
131,5,NA,NA,NA,NA,NA,14,57,0,27,26,30,32,34
131,6,NA,NA,NA,NA,NA,14,57,0,27,26,30,32,34
132,0,5,4.375,2.5833333333333335,1.9166666666666667,2.3333333333333335,18,61,1,29,27,39,34,35
132,1,3.6666666666666665,2.375,1.4166666666666667,1.4583333333333333,3.75,18,61,1,29,27,39,34,35
132,2,3.8333333333333335,2.125,1.5416666666666667,1.75,3.1666666666666665,18,61,1,29,27,39,34,35
132,3,3.4166666666666665,1.9166666666666667,1.5416666666666667,1.9583333333333333,3.5,18,61,1,29,27,39,34,35
132,4,3.4166666666666665,2.625,2.875,2.5,2.2083333333333335,18,61,1,29,27,39,34,35
132,5,3.4166666666666665,2.5,1.4583333333333333,2,3.25,18,61,1,29,27,39,34,35
132,6,5,3.8,1.2,1.45,3.45,18,61,1,29,27,39,34,35
133,0,1.75,2.0625,3.75,3.5625,2.3125,20,39,0,19,27,50,40,42
133,1,2.3,1.9,1.05,1.4,3.4,20,39,0,19,27,50,40,42
133,2,2.3333333333333335,2.0416666666666665,1.9166666666666667,2.25,2.9166666666666665,20,39,0,19,27,50,40,42
133,3,3,3.25,1.75,2.2,3.15,20,39,0,19,27,50,40,42
133,4,2.625,2.5625,1.8125,2.0625,2.8125,20,39,0,19,27,50,40,42
133,5,2.9,3.05,1.8,1.7,2.95,20,39,0,19,27,50,40,42
133,6,2.6,2.4,2.1,2.55,2.5,20,39,0,19,27,50,40,42
134,0,3.0833333333333335,2.375,1.0416666666666667,1.0833333333333333,3.5833333333333335,18,60,1,22,28,39,36,33
134,1,2.8333333333333335,1.9583333333333333,1.2916666666666667,1.2916666666666667,3.5833333333333335,18,60,1,22,28,39,36,33
134,2,2.9,2.05,1.4,1.25,3.85,18,60,1,22,28,39,36,33
134,3,2.8,1.65,1.5,1.55,3.55,18,60,1,22,28,39,36,33
134,4,2.6666666666666665,1.875,1.25,1.4166666666666667,3.6666666666666665,18,60,1,22,28,39,36,33
134,5,2.9,2.05,1.45,1.45,3.65,18,60,1,22,28,39,36,33
134,6,2.6,2,1.4,1.2,3.75,18,60,1,22,28,39,36,33
137,0,2.2,2,1.9,1.8,4,18,43,0,26,24,43,34,23
137,1,1.25,1.4166666666666667,1.3333333333333333,1.4583333333333333,3.6666666666666665,18,43,0,26,24,43,34,23
137,2,1.5,1.5833333333333333,1.0833333333333333,1.0833333333333333,3.9583333333333335,18,43,0,26,24,43,34,23
137,3,1.25,1.5833333333333333,1.0833333333333333,1.0416666666666667,3.625,18,43,0,26,24,43,34,23
137,4,1.8333333333333333,1.375,1.3333333333333333,1.0416666666666667,3.9583333333333335,18,43,0,26,24,43,34,23
137,5,1.7,1.4,1.2,1,3.55,18,43,0,26,24,43,34,23
137,6,1.5,1.1666666666666667,1.9166666666666667,1,2.75,18,43,0,26,24,43,34,23
138,0,2.8,2.8,1.1,1,3.2,25,20,1,28,21,35,29,30
138,1,2.0833333333333335,2.1666666666666665,1,1,2.9583333333333335,25,20,1,28,21,35,29,30
138,2,1.75,2.4583333333333335,1.1666666666666667,1,2.9583333333333335,25,20,1,28,21,35,29,30
138,3,3,3.1666666666666665,1.8333333333333333,1,3,25,20,1,28,21,35,29,30
138,4,3.75,2.5416666666666665,1.1666666666666667,1,3,25,20,1,28,21,35,29,30
138,5,2.3333333333333335,2.5,1.2083333333333333,1,2.9166666666666665,25,20,1,28,21,35,29,30
138,6,3.0833333333333335,2.2083333333333335,1.2916666666666667,1,3.0416666666666665,25,20,1,28,21,35,29,30
139,0,2.5,2.05,1.35,1.5,3.5,16,21,1,20,15,36,41,32
139,1,2,2.05,2.1,2.85,2.75,16,21,1,20,15,36,41,32
139,2,3.5,3.3125,1.125,1,3.875,16,21,1,20,15,36,41,32
139,3,2.8,2.4,1.3,1.7,3.4,16,21,1,20,15,36,41,32
139,4,2.75,3,2.625,3,2.75,16,21,1,20,15,36,41,32
139,5,1.3333333333333333,1.25,1.1666666666666667,1.5,3.4166666666666665,16,21,1,20,15,36,41,32
139,6,1.75,1.0833333333333333,1.7083333333333333,2.0833333333333335,3.0833333333333335,16,21,1,20,15,36,41,32
140,0,4.375,4.3125,1.5625,1.25,3.0625,NA,27,0,NA,NA,NA,NA,NA
140,1,4.333333333333333,4.333333333333333,1.5,1.25,4.708333333333333,NA,27,0,NA,NA,NA,NA,NA
140,2,4.083333333333333,3.9166666666666665,1.375,1.2916666666666667,4.083333333333333,NA,27,0,NA,NA,NA,NA,NA
140,3,5,5,1,1,4,NA,27,0,NA,NA,NA,NA,NA
140,4,4.125,4.375,1.625,1,4.1875,NA,27,0,NA,NA,NA,NA,NA
140,5,4.25,4.041666666666667,1.2916666666666667,1.1666666666666667,3.875,NA,27,0,NA,NA,NA,NA,NA
140,6,5,5,5,5,3,NA,27,0,NA,NA,NA,NA,NA
142,0,4,3.7916666666666665,1,1,2.9583333333333335,NA,22,1,NA,NA,NA,NA,NA
142,1,4,4.5,1.125,1.125,2.5,NA,22,1,NA,NA,NA,NA,NA
142,2,3.5,3.55,1.25,1.05,2.7,NA,22,1,NA,NA,NA,NA,NA
142,3,3.5,3.3125,1.0625,1,2.8125,NA,22,1,NA,NA,NA,NA,NA
142,4,NA,NA,NA,NA,NA,NA,22,1,NA,NA,NA,NA,NA
142,5,NA,NA,NA,NA,NA,NA,22,1,NA,NA,NA,NA,NA
142,6,NA,NA,NA,NA,NA,NA,22,1,NA,NA,NA,NA,NA
143,0,1.5,2,2.9166666666666665,2.7916666666666665,3.0416666666666665,21,23,1,27,29,38,24,33
143,1,1,2.0416666666666665,3.25,2.2916666666666665,2.9166666666666665,21,23,1,27,29,38,24,33
143,2,1.0833333333333333,2.1666666666666665,3.5833333333333335,2.2916666666666665,3.0833333333333335,21,23,1,27,29,38,24,33
143,3,1,1.9166666666666667,3.5416666666666665,2.0833333333333335,3.0416666666666665,21,23,1,27,29,38,24,33
143,4,1.1,2.3,3.45,2.1,2.75,21,23,1,27,29,38,24,33
143,5,1.1666666666666667,2.1666666666666665,3.4166666666666665,2.0833333333333335,2.9166666666666665,21,23,1,27,29,38,24,33
143,6,1.4,2.9,3.45,2,2.8833333333333333,21,23,1,27,29,38,24,33
144,0,3.375,2.6875,1.25,1.25,3.9375,15,49,1,26,29,32,27,36
144,1,2.6666666666666665,2.375,1,1.3333333333333333,3.9583333333333335,15,49,1,26,29,32,27,36
144,2,2.6,2.6,1.45,1.6,3.65,15,49,1,26,29,32,27,36
144,3,3.25,4.25,1,1.1666666666666667,3.75,15,49,1,26,29,32,27,36
144,4,2.7,2.65,1,1.35,3.95,15,49,1,26,29,32,27,36
144,5,2.6666666666666665,2.6666666666666665,1.3333333333333333,1.5,3.5,15,49,1,26,29,32,27,36
144,6,2,2.125,1.4375,1.875,3.4375,15,49,1,26,29,32,27,36
145,0,2.6666666666666665,2.7916666666666665,1.5833333333333333,1,3.5833333333333335,17,47,1,19,30,41,31,38
145,1,3.5833333333333335,3.5416666666666665,1.2083333333333333,1,3.875,17,47,1,19,30,41,31,38
145,2,3.3333333333333335,3.6666666666666665,1.1666666666666667,1,4.208333333333333,17,47,1,19,30,41,31,38
145,3,3.1,3.35,1.3,1,3.9,17,47,1,19,30,41,31,38
145,4,3,3.0833333333333335,1.375,1.0833333333333333,3.5833333333333335,17,47,1,19,30,41,31,38
145,5,2.6666666666666665,2.4583333333333335,2,1.125,3.1666666666666665,17,47,1,19,30,41,31,38
145,6,2.8333333333333335,3,1.375,1,4,17,47,1,19,30,41,31,38
147,0,3.3,2.9166666666666665,2.125,1.7916666666666667,3.1666666666666665,26,25,1,23,36,43,34,27
147,1,3.4166666666666665,3.4583333333333335,1.375,2.125,3.3333333333333335,26,25,1,23,36,43,34,27
147,2,4.083333333333333,4.125,1.9583333333333335,1.5833333333333335,3.2916666666666665,26,25,1,23,36,43,34,27
147,3,2.5833333333333335,2.75,2.2083333333333335,2.1666666666666665,2.9722222222222223,26,25,1,23,36,43,34,27
147,4,2.5833333333333335,2.5833333333333335,2.6666666666666665,1.6666666666666667,2.8333333333333335,26,25,1,23,36,43,34,27
147,5,2.75,2.1666666666666665,2.9166666666666665,2.2916666666666665,2.6666666666666665,26,25,1,23,36,43,34,27
147,6,3,2.4375,2.0625,1.875,3.125,26,25,1,23,36,43,34,27
148,0,1.6,1.95,2.85,3.2,2.2,30,22,0,34,23,36,30,25
148,1,1.1,1.3,3.3,3.85,1.3,30,22,0,34,23,36,30,25
148,2,1.5,1.5833333333333333,3.0833333333333335,3.4166666666666665,1.5833333333333333,30,22,0,34,23,36,30,25
148,3,1.7,1.85,2.75,3.1,1.9,30,22,0,34,23,36,30,25
148,4,1.2,1.6,3.1,3.7,1.45,30,22,0,34,23,36,30,25
148,5,1,1.7,2.8,3.45,1.6,30,22,0,34,23,36,30,25
148,6,1.375,1.9375,2.8125,3.5625,1.4375,30,22,0,34,23,36,30,25
149,0,2.25,2.2083333333333335,1.4583333333333333,2.1666666666666665,2.7916666666666665,23,31,0,26,31,43,31,31
149,1,2,1.9,2,2.25,3.3,23,31,0,26,31,43,31,31
149,2,1.5,1.75,2.1875,2.5625,2.875,23,31,0,26,31,43,31,31
149,3,2,2.35,2.1,2.3,3.375,23,31,0,26,31,43,31,31
149,4,2,1.3,2.05,3.3,3.1,23,31,0,26,31,43,31,31
149,5,1.8333333333333333,1.2,3.35,3.9583333333333335,2.15,23,31,0,26,31,43,31,31
149,6,1.75,1.75,3.3125,3.75,2.8,23,31,0,26,31,43,31,31
151,0,1.8333333333333333,1.875,1.5833333333333333,1.5416666666666667,4.041666666666667,25,31,1,28,16,24,29,35
151,1,1.4166666666666667,1.625,2,1.5,3.7916666666666665,25,31,1,28,16,24,29,35
151,2,2.3333333333333335,2.3333333333333335,2.0416666666666665,1.875,3.6666666666666665,25,31,1,28,16,24,29,35
151,3,1.6,1.65,2.5,2.2,3.4,25,31,1,28,16,24,29,35
151,4,2.3,2.3,1.7,1.8,3.6,25,31,1,28,16,24,29,35
151,5,2.8333333333333335,2.7083333333333335,2.125,2.0833333333333335,3.875,25,31,1,28,16,24,29,35
151,6,1.1,1.35,2.8,3,2.9,25,31,1,28,16,24,29,35
152,0,2.5,2.3125,1.4375,1.625,3.1875,18,53,1,18,27,34,44,34
152,1,1.8,2,1.3,1.3,3.05,18,53,1,18,27,34,44,34
152,2,2.9166666666666665,2.5416666666666665,1.4166666666666667,1.3333333333333333,3.2916666666666665,18,53,1,18,27,34,44,34
152,3,1.125,1.3125,2.375,2.25,2.3125,18,53,1,18,27,34,44,34
152,4,1.5,1.65,1.6,1.55,3.05,18,53,1,18,27,34,44,34
152,5,1.1666666666666667,1.0833333333333333,2.4166666666666665,2.3333333333333335,2.4166666666666665,18,53,1,18,27,34,44,34
152,6,1.2,1.65,1.6,1.9,2.7,18,53,1,18,27,34,44,34
153,0,2.9,2.35,1.15,1.55,2.8,18,25,NA,28,33,39,32,32
153,1,3,1.625,1,1.625,3.5,18,25,NA,28,33,39,32,32
153,2,2.5,1.375,1.625,2.375,1.375,18,25,NA,28,33,39,32,32
153,3,1.5,1.75,2.25,3.125,2.75,18,25,NA,28,33,39,32,32
153,4,2.25,1.625,1.125,2,2.416666666666667,18,25,NA,28,33,39,32,32
153,5,NA,NA,NA,NA,NA,18,25,NA,28,33,39,32,32
153,6,NA,NA,NA,NA,NA,18,25,NA,28,33,39,32,32
154,0,2.3333333333333335,2.0416666666666665,1.5833333333333333,1.2916666666666667,2.5416666666666665,17,35,1,30,27,42,26,30
154,1,1.8,1.85,2.15,1.65,2.3,17,35,1,30,27,42,26,30
154,2,2.4166666666666665,2.25,1.8333333333333333,1.4583333333333333,2.8333333333333335,17,35,1,30,27,42,26,30
154,3,1.6666666666666667,1.5,2.7083333333333335,1.625,2,17,35,1,30,27,42,26,30
154,4,1.9166666666666667,1.2916666666666667,2.4166666666666665,2.375,2.4166666666666665,17,35,1,30,27,42,26,30
154,5,2.3,1.9,1.55,1.45,2.95,17,35,1,30,27,42,26,30
154,6,2.3333333333333335,1.9166666666666667,1.5,1.625,2.625,17,35,1,30,27,42,26,30
155,0,2.8333333333333335,3.5833333333333335,1.0833333333333333,1.5,3.75,31,27,0,26,26,44,24,31
155,1,2.3333333333333335,2.5833333333333335,1.4166666666666667,2,3.1666666666666665,31,27,0,26,26,44,24,31
155,2,2.1666666666666665,2.5833333333333335,1.1666666666666667,2.125,3.1666666666666665,31,27,0,26,26,44,24,31
155,3,2,1.8125,1.375,2.5,3,31,27,0,26,26,44,24,31
155,4,2.2,2.4,1.75,2.2,3.05,31,27,0,26,26,44,24,31
155,5,2.1,2.6,1.45,1.85,2.9,31,27,0,26,26,44,24,31
155,6,2.0833333333333335,2.2916666666666665,1.2916666666666667,1.6666666666666667,3.25,31,27,0,26,26,44,24,31
157,0,2.25,1.75,1.375,1.1666666666666667,3.0833333333333335,21,22,0,20,27,31,28,30
157,1,2,1.75,1.15,1.3,2.8,21,22,0,20,27,31,28,30
157,2,1.75,1.4375,1.1875,1.0625,2.8125,21,22,0,20,27,31,28,30
157,3,1.3,1.3,1.6,1.05,3.0166666666666666,21,22,0,20,27,31,28,30
157,4,2.1,2.65,1.5,1,2.9,21,22,0,20,27,31,28,30
157,5,3.1666666666666665,2.9166666666666665,1.3333333333333333,1,3.0555555555555554,21,22,0,20,27,31,28,30
157,6,1.875,1.75,1.5,1,2.8125,21,22,0,20,27,31,28,30
158,0,3.625,3.3125,1.375,1.125,3.75,17,28,NA,33,25,42,27,32
158,1,3.75,2.8125,1.3125,1.25,3.875,17,28,NA,33,25,42,27,32
158,2,2.9,1.9,1,1,4.15,17,28,NA,33,25,42,27,32
158,3,4.3,3.65,1.25,1,4.3,17,28,NA,33,25,42,27,32
158,4,3.5833333333333335,2.9166666666666665,1.125,1,3.5416666666666665,17,28,NA,33,25,42,27,32
158,5,3.9166666666666665,3.2916666666666665,1.1666666666666667,1.1666666666666667,3.875,17,28,NA,33,25,42,27,32
158,6,3.8333333333333335,3.2916666666666665,1.2083333333333333,1.1,4.25,17,28,NA,33,25,42,27,32
159,0,1.6,1.3,2.4,1.4,3.1,14,52,1,34,33,31,31,19
159,1,2.3,2.2,1.3,1.1,3.95,14,52,1,34,33,31,31,19
159,2,1.75,1.875,1.125,1,3.25,14,52,1,34,33,31,31,19
159,3,1.5,1.55,1.1,1,3.35,14,52,1,34,33,31,31,19
159,4,1.5,1.625,1.125,1,3.25,14,52,1,34,33,31,31,19
159,5,1.25,1,1.125,1,3.5,14,52,1,34,33,31,31,19
159,6,1.5,1.125,1.75,1,3,14,52,1,34,33,31,31,19
160,0,NA,NA,NA,NA,NA,18,26,1,24,30,43,43,29
160,1,NA,NA,NA,NA,NA,18,26,1,24,30,43,43,29
160,2,NA,NA,NA,NA,NA,18,26,1,24,30,43,43,29
160,3,NA,NA,NA,NA,NA,18,26,1,24,30,43,43,29
160,4,NA,NA,NA,NA,NA,18,26,1,24,30,43,43,29
160,5,NA,NA,NA,NA,NA,18,26,1,24,30,43,43,29
160,6,NA,NA,NA,NA,NA,18,26,1,24,30,43,43,29
161,0,3.8333333333333335,3.75,1.5833333333333333,1.0833333333333333,2.8333333333333335,15,25,0,34,17,37,21,22
161,1,2.6666666666666665,2.625,1.4166666666666667,1.3333333333333333,2.8333333333333335,15,25,0,34,17,37,21,22
161,2,2.5,2.7083333333333335,1.4166666666666667,1.0833333333333333,3.1666666666666665,15,25,0,34,17,37,21,22
161,3,3.25,3.0416666666666665,1.5,1,3.2916666666666665,15,25,0,34,17,37,21,22
161,4,2.6666666666666665,2.4166666666666665,1.7083333333333333,1.125,2.7083333333333335,15,25,0,34,17,37,21,22
161,5,3.0833333333333335,2.8333333333333335,1.125,1,3.1666666666666665,15,25,0,34,17,37,21,22
161,6,2.1666666666666665,1.9583333333333333,1.375,1.25,3,15,25,0,34,17,37,21,22
162,0,3.3,3.15,1.7,1.2,3.25,23,48,1,17,18,39,42,38
162,1,2.75,2.2083333333333335,1.75,1,3.0416666666666665,23,48,1,17,18,39,42,38
162,2,3.1666666666666665,2.7916666666666665,2.5,1.125,2.7083333333333335,23,48,1,17,18,39,42,38
162,3,2.8,2,1.9,1,3,23,48,1,17,18,39,42,38
162,4,2.8333333333333335,1.9166666666666667,1.4166666666666667,1,2.9583333333333335,23,48,1,17,18,39,42,38
162,5,3.0833333333333335,2.75,1.9166666666666667,1.0416666666666667,2.9583333333333335,23,48,1,17,18,39,42,38
162,6,3.1,2.35,2.25,1.0625,2.8,23,48,1,17,18,39,42,38
163,0,3.375,3.1875,2.75,2.375,2.1875,18,37,1,30,27,39,35,38
163,1,3.9,4.25,1.85,1.9,2.45,18,37,1,30,27,39,35,38
163,2,4.25,4.5625,1.4375,1.8125,2.625,18,37,1,30,27,39,35,38
163,3,4.166666666666667,4.791666666666667,1.875,2.1666666666666665,2.4583333333333335,18,37,1,30,27,39,35,38
163,4,4,3.5,2.0625,2.3125,2.3125,18,37,1,30,27,39,35,38
163,5,3,3.0625,2.8125,2.5,2.1875,18,37,1,30,27,39,35,38
163,6,3.4,3.05,2.6,2.1,2.55,18,37,1,30,27,39,35,38
164,0,4.25,4.041666666666667,1.125,1.4583333333333333,4,29,32,1,24,16,40,36,32
164,1,4.166666666666667,3.0416666666666665,1.0833333333333333,1.0416666666666667,4.208333333333333,29,32,1,24,16,40,36,32
164,2,4.333333333333333,3.8333333333333335,1,1,4.541666666666667,29,32,1,24,16,40,36,32
164,3,3.7,3.3,1.1,1,4.2,29,32,1,24,16,40,36,32
164,4,4.166666666666667,3.75,1.6666666666666667,1,3.7916666666666665,29,32,1,24,16,40,36,32
164,5,4.083333333333333,3.375,1.8333333333333333,1,4.041666666666667,29,32,1,24,16,40,36,32
164,6,4,3.4166666666666665,1.5,1,4.25,29,32,1,24,16,40,36,32
165,0,3.9,3.2,1.6,1.75,3.3,22,18,1,25,33,39,26,33
165,1,3.9166666666666665,3.0833333333333335,1.5,1.5833333333333333,3.4583333333333335,22,18,1,25,33,39,26,33
165,2,3.8,2.7,1.45,1.65,3.15,22,18,1,25,33,39,26,33
165,3,3.6666666666666665,2.7916666666666665,1.2916666666666667,1.4583333333333333,3.5,22,18,1,25,33,39,26,33
165,4,3.8333333333333335,3.1666666666666665,1.3333333333333333,1.3333333333333333,3.1944444444444446,22,18,1,25,33,39,26,33
165,5,3.7,3.2,1.15,1.35,3.0833333333333335,22,18,1,25,33,39,26,33
165,6,4,3.125,1.375,1.0625,3.125,22,18,1,25,33,39,26,33
166,0,3.8,1.95,1.5,1.1,3.1,21,59,1,27,26,40,38,40
166,1,NA,NA,NA,NA,NA,21,59,1,27,26,40,38,40
166,2,3.75,2.625,1.375,1.125,3,21,59,1,27,26,40,38,40
166,3,3.8333333333333335,3.6666666666666665,1.5416666666666667,1.125,3.125,21,59,1,27,26,40,38,40
166,4,3.9166666666666665,3.1666666666666665,1.3333333333333333,1.0416666666666667,3.25,21,59,1,27,26,40,38,40
166,5,4,3.85,1.1,1.05,3.3,21,59,1,27,26,40,38,40
166,6,4,4,1,1,3.25,21,59,1,27,26,40,38,40
167,0,3.5,3.125,1.0625,1.125,4.5,25,63,1,21,24,35,32,39
167,1,3.0833333333333335,2.2083333333333335,1.2083333333333333,1.4166666666666667,3.9583333333333335,25,63,1,21,24,35,32,39
167,2,3.5,3.1666666666666665,1.0833333333333333,1.125,4.375,25,63,1,21,24,35,32,39
167,3,3.1666666666666665,2.5833333333333335,1.0416666666666667,1.1666666666666667,4.166666666666667,25,63,1,21,24,35,32,39
167,4,2.7,2.1,1.2,1.35,3.75,25,63,1,21,24,35,32,39
167,5,2.8,2.3,1.35,1.55,3.75,25,63,1,21,24,35,32,39
167,6,3.3333333333333335,2.75,1.0833333333333333,1.0833333333333333,4.208333333333333,25,63,1,21,24,35,32,39
168,0,2,2.75,2.75,3,2.5,21,24,1,30,31,35,42,32
168,1,2.5833333333333335,2.25,3.5416666666666665,2.875,2.4583333333333335,21,24,1,30,31,35,42,32
168,2,2.4166666666666665,2.5416666666666665,3.2916666666666665,2.8333333333333335,2.4166666666666665,21,24,1,30,31,35,42,32
168,3,2.75,2.25,3.5,3.125,2.1875,21,24,1,30,31,35,42,32
168,4,2.3333333333333335,2.1875,3.4375,3.25,2.25,21,24,1,30,31,35,42,32
168,5,2.6666666666666665,2.375,3.8333333333333335,3.25,2.1666666666666665,21,24,1,30,31,35,42,32
168,6,2.0833333333333335,2.0416666666666665,4.083333333333333,3.55,2.2916666666666665,21,24,1,30,31,35,42,32
170,0,2,1.35,1.25,1.2,3.45,19,25,1,34,28,32,29,25
170,1,1.5833333333333333,1.5,2,1.5,2.875,19,25,1,34,28,32,29,25
170,2,1.8,1.4,1.3,1.2,3.25,19,25,1,34,28,32,29,25
170,3,2,1.6,1.35,1.25,3.05,19,25,1,34,28,32,29,25
170,4,1.75,1.4583333333333333,1.2916666666666667,1.1666666666666667,3.125,19,25,1,34,28,32,29,25
170,5,1.4166666666666667,1.5,1.75,1.75,2.7083333333333335,19,25,1,34,28,32,29,25
170,6,1.4,1.4,1.35,1.35,3.1,19,25,1,34,28,32,29,25
171,0,2,1.75,1.25,1.5,2.6666666666666665,18,24,1,28,28,36,34,34
171,1,2.625,2.6875,2.75,2.8125,2.875,18,24,1,28,28,36,34,34
171,2,3.5,3.75,3,2.75,3.125,18,24,1,28,28,36,34,34
171,3,2.8333333333333335,2.4375,2.25,2.0625,3.1458333333333335,18,24,1,28,28,36,34,34
171,4,2.3333333333333335,2.25,1.8333333333333333,1.85,3.1944444444444446,18,24,1,28,28,36,34,34
171,5,2.75,2.5416666666666665,2,1.75,3.0416666666666665,18,24,1,28,28,36,34,34
171,6,2.75,2.9166666666666665,1.875,1.8333333333333333,3.1666666666666665,18,24,1,28,28,36,34,34
172,0,1.5,1.35,2.6,4.6,1.65,17,22,1,31,27,28,32,18
172,1,1,1.15,2.35,4.75,2,17,22,1,31,27,28,32,18
172,2,1,1.0416666666666667,3.2083333333333335,4.75,2.0416666666666665,17,22,1,31,27,28,32,18
172,3,1,1.2,2.85,4.65,2.2,17,22,1,31,27,28,32,18
172,4,1,1.0833333333333333,3.5,4.75,2.0416666666666665,17,22,1,31,27,28,32,18
172,5,1.0833333333333333,1,2.7083333333333335,4.333333333333333,1.9583333333333333,17,22,1,31,27,28,32,18
172,6,1,1,2.9,4.15,1.8,17,22,1,31,27,28,32,18
173,0,2.8333333333333335,2.5,1.5,1.2083333333333333,3.625,30,19,1,27,32,29,34,31
173,1,3.4166666666666665,3.5833333333333335,1.25,1,3,30,19,1,27,32,29,34,31
173,2,2.6666666666666665,3.25,2,1.1666666666666667,2.8333333333333335,30,19,1,27,32,29,34,31
173,3,2.9166666666666665,3.0416666666666665,1.125,1,3.5416666666666665,30,19,1,27,32,29,34,31
173,4,2.75,2.45,1.4,1.0625,3.4375,30,19,1,27,32,29,34,31
173,5,2.5,2.6666666666666665,1.5,1,3.5833333333333335,30,19,1,27,32,29,34,31
173,6,3.6666666666666665,3.6666666666666665,1.3333333333333333,1,3.3333333333333335,30,19,1,27,32,29,34,31
174,0,2.1666666666666665,2.375,2.5833333333333335,2.7916666666666665,2.986111111111111,25,22,0,28,23,31,27,37
174,1,2.4166666666666665,2.4583333333333335,2.875,2.9166666666666665,2.875,25,22,0,28,23,31,27,37
174,2,2.25,2.4166666666666665,2.7083333333333335,2.7083333333333335,3,25,22,0,28,23,31,27,37
174,3,2.3,2.2916666666666665,2.625,2.7916666666666665,2.875,25,22,0,28,23,31,27,37
174,4,1.875,2.25,2.75,3,2.9375,25,22,0,28,23,31,27,37
174,5,2.375,2.375,2.6875,2.9375,2.8541666666666665,25,22,0,28,23,31,27,37
174,6,2.5,2.375,2.4583333333333335,2.7083333333333335,3.0972222222222223,25,22,0,28,23,31,27,37
175,0,1.8333333333333335,2.2083333333333335,1.6666666666666667,2.1666666666666665,3.7916666666666665,12,26,1,35,15,43,40,30
175,1,1.3,1.1,2.25,3.25,2.25,12,26,1,35,15,43,40,30
175,2,1.625,2,2.125,2.125,3.125,12,26,1,35,15,43,40,30
175,3,1.4166666666666667,1.5,1.5,1.7916666666666667,2.875,12,26,1,35,15,43,40,30
175,4,2.75,2.6666666666666665,1.5833333333333333,2.3333333333333335,2.75,12,26,1,35,15,43,40,30
175,5,1,1.0416666666666667,1.7916666666666667,3.5416666666666665,2.5972222222222223,12,26,1,35,15,43,40,30
175,6,1.8333333333333333,1.625,1.5,2.5833333333333335,3.3472222222222223,12,26,1,35,15,43,40,30
176,0,2.5,2.75,2.5833333333333335,2.0833333333333335,2.4444444444444446,15,24,0,32,18,35,34,29
176,1,2.5,2.4375,3.3125,2.3125,2.4375,15,24,0,32,18,35,34,29
176,2,1.7,1.85,3.75,2.55,2,15,24,0,32,18,35,34,29
176,3,2.3333333333333335,2.5,2.625,2.0833333333333335,2.8333333333333335,15,24,0,32,18,35,34,29
176,4,2.5,4,2,1.25,2.6666666666666665,15,24,0,32,18,35,34,29
176,5,NA,NA,NA,NA,NA,15,24,0,32,18,35,34,29
176,6,2.125,2.375,2.875,2.25,2.6875,15,24,0,32,18,35,34,29
178,0,3.25,3,1.8333333333333335,1.6,3.0833333333333335,22,24,1,28,29,40,39,36
178,1,2.75,2.8125,1.9375,1.75,3.1875,22,24,1,28,29,40,39,36
178,2,2.625,2.5,2.9375,2.8125,2.5833333333333335,22,24,1,28,29,40,39,36
178,3,3.1,3.35,2.6,1.75,2.6,22,24,1,28,29,40,39,36
178,4,3.25,3.625,1.625,1.625,2.875,22,24,1,28,29,40,39,36
178,5,3.3333333333333335,3.5,1.6666666666666667,2.0625,3.25,22,24,1,28,29,40,39,36
178,6,2.6,3.15,2.15,2.4,3.1166666666666667,22,24,1,28,29,40,39,36
179,0,NA,NA,NA,NA,NA,18,20,1,30,17,46,33,35
179,1,NA,NA,NA,NA,NA,18,20,1,30,17,46,33,35
179,2,NA,NA,NA,NA,NA,18,20,1,30,17,46,33,35
179,3,NA,NA,NA,NA,NA,18,20,1,30,17,46,33,35
179,4,NA,NA,NA,NA,NA,18,20,1,30,17,46,33,35
179,5,NA,NA,NA,NA,NA,18,20,1,30,17,46,33,35
179,6,NA,NA,NA,NA,NA,18,20,1,30,17,46,33,35
180,0,2.6,2.7,1.95,2.15,3.5,26,44,1,21,19,37,33,34
180,1,2.0833333333333335,2.3333333333333335,2.375,3.0416666666666665,3.125,26,44,1,21,19,37,33,34
180,2,2.5,2.8125,1.75,2.25,2.9375,26,44,1,21,19,37,33,34
180,3,2.5,2.35,1.1,1.6,3.25,26,44,1,21,19,37,33,34
180,4,2.5833333333333335,2.3333333333333335,1.9583333333333333,2.5,3.013888888888889,26,44,1,21,19,37,33,34
180,5,2.6666666666666665,2.75,2.0833333333333335,2.3333333333333335,3.3333333333333335,26,44,1,21,19,37,33,34
180,6,1.6666666666666667,2.25,1.5833333333333333,1.75,3.111111111111111,26,44,1,21,19,37,33,34
181,0,3.0833333333333335,2.5416666666666665,1.3333333333333333,1.4583333333333333,3.4166666666666665,20,50,1,29,14,29,40,31
181,1,2.1666666666666665,2.1666666666666665,1.375,1.375,3.5833333333333335,20,50,1,29,14,29,40,31
181,2,2.6666666666666665,2.2083333333333335,1.3333333333333333,1.4166666666666667,3.3333333333333335,20,50,1,29,14,29,40,31
181,3,2.4166666666666665,2.25,1.2916666666666667,1.75,2.875,20,50,1,29,14,29,40,31
181,4,3,2.3333333333333335,1.3333333333333333,1.4166666666666667,3.4166666666666665,20,50,1,29,14,29,40,31
181,5,3,2.5,1.375,1.75,3.3333333333333335,20,50,1,29,14,29,40,31
181,6,3,2.1875,1.6875,2.0625,2.375,20,50,1,29,14,29,40,31
182,0,1.3,1.4,2.95,3.45,1.5,17,61,1,34,38,27,36,34
182,1,1.25,1.2083333333333333,2.375,2.9166666666666665,1.8333333333333333,17,61,1,34,38,27,36,34
182,2,1.7,1.3,1.7,3.1,2.2,17,61,1,34,38,27,36,34
182,3,1.2,1.3,3,3.1,1.4,17,61,1,34,38,27,36,34
182,4,2.1,2.35,1.6,2.6,1.45,17,61,1,34,38,27,36,34
182,5,2.25,2.875,1.125,1.75,2.4375,17,61,1,34,38,27,36,34
182,6,2.8333333333333335,2.875,1.0833333333333333,1.3333333333333333,2.9583333333333335,17,61,1,34,38,27,36,34
183,0,3,2.75,1,1.5,3.5,21,24,1,24,16,30,39,30
183,1,3,3.125,1.375,1.9375,3.125,21,24,1,24,16,30,39,30
183,2,2,1.8333333333333333,2.125,1.8333333333333333,2.8333333333333335,21,24,1,24,16,30,39,30
183,3,3.125,2.8125,1.125,1.5625,3.5625,21,24,1,24,16,30,39,30
183,4,2.9,2.5,1.35,1.8,3.4,21,24,1,24,16,30,39,30
183,5,2.7,2.25,2.35,1.8,3.1166666666666667,21,24,1,24,16,30,39,30
183,6,3.1666666666666665,2.4583333333333335,1.5416666666666667,1.2083333333333333,3.625,21,24,1,24,16,30,39,30
184,0,2.5,2.1,1.9,2.35,2.4,13,41,1,24,17,33,38,41
184,1,3,2.2916666666666665,1.7083333333333333,1.5,2.7916666666666665,13,41,1,24,17,33,38,41
184,2,3,2.4583333333333335,1.125,1.375,2.7916666666666665,13,41,1,24,17,33,38,41
184,3,3.2,2.4,1.9,1.75,2.75,13,41,1,24,17,33,38,41
184,4,2.9166666666666665,2.0416666666666665,1,1.3333333333333333,2.7083333333333335,13,41,1,24,17,33,38,41
184,5,3.6,2.75,1,1.125,3.2916666666666665,13,41,1,24,17,33,38,41
184,6,3.25,2.2916666666666665,1.3333333333333333,1.2916666666666667,2.4166666666666665,13,41,1,24,17,33,38,41
186,0,2.8333333333333335,2.5,2.2916666666666665,1.875,3.0694444444444446,17,22,0,23,31,37,28,26
186,1,2.75,2.75,2.125,1.875,3,17,22,0,23,31,37,28,26
186,2,2.8,2.85,2.75,2.5,3.1,17,22,0,23,31,37,28,26
186,3,1.75,1.75,3,3.0833333333333335,3.3333333333333335,17,22,0,23,31,37,28,26
186,4,3.0833333333333335,2.55,2.75,2.4166666666666665,3.3666666666666667,17,22,0,23,31,37,28,26
186,5,3.3333333333333335,3.1666666666666665,3,2.4166666666666665,2.7222222222222223,17,22,0,23,31,37,28,26
186,6,4,3,3.5,2.5,3,17,22,0,23,31,37,28,26
187,0,2.3333333333333335,1.875,1.8333333333333333,1.8125,3.0833333333333335,NA,23,0,NA,NA,NA,NA,NA
187,1,1.8333333333333333,1.6666666666666667,1.3333333333333333,1.8333333333333333,3,NA,23,0,NA,NA,NA,NA,NA
187,2,1.875,2.875,1.25,1.5,3.25,NA,23,0,NA,NA,NA,NA,NA
187,3,1.8333333333333333,1.5833333333333333,2.25,1.8333333333333333,3.1666666666666665,NA,23,0,NA,NA,NA,NA,NA
187,4,1.875,1.5,1.5,2,2.8125,NA,23,0,NA,NA,NA,NA,NA
187,5,2,2,1,1,3,NA,23,0,NA,NA,NA,NA,NA
187,6,2.5,2.25,1,1,3,NA,23,0,NA,NA,NA,NA,NA
188,0,3.6666666666666665,3.375,1.6666666666666667,1.625,3.125,NA,25,0,NA,NA,NA,NA,NA
188,1,3.2,3.25,2.2,1.2,3.45,NA,25,0,NA,NA,NA,NA,NA
188,2,3.8333333333333335,3.875,1.25,1.625,3.4166666666666665,NA,25,0,NA,NA,NA,NA,NA
188,3,3.6666666666666665,4.041666666666667,1.3333333333333333,1.5416666666666667,3.5833333333333335,NA,25,0,NA,NA,NA,NA,NA
188,4,3.0833333333333335,2.9583333333333335,1.5416666666666667,1.2916666666666667,3.6666666666666665,NA,25,0,NA,NA,NA,NA,NA
188,5,1.6666666666666667,2.0833333333333335,2.4166666666666665,2.75,2.5833333333333335,NA,25,0,NA,NA,NA,NA,NA
188,6,3.75,3.0416666666666665,1.4166666666666667,1.5833333333333333,3.4583333333333335,NA,25,0,NA,NA,NA,NA,NA
190,0,3,3.0625,2.375,2.1666666666666665,3.3125,NA,23,0,NA,NA,NA,NA,NA
190,1,3.25,3.6875,1.25,1.4375,3.125,NA,23,0,NA,NA,NA,NA,NA
190,2,3,2.6666666666666665,1,1.375,3.2083333333333335,NA,23,0,NA,NA,NA,NA,NA
190,3,4,4.1,1.3,1.15,3,NA,23,0,NA,NA,NA,NA,NA
190,4,3,3.45,1,1.15,3.1,NA,23,0,NA,NA,NA,NA,NA
190,5,2.7,2.7,1,1.4,3.5,NA,23,0,NA,NA,NA,NA,NA
190,6,2.8333333333333335,3.1875,1.0625,1.3333333333333333,3.3125,NA,23,0,NA,NA,NA,NA,NA
191,0,3.8333333333333335,3,1.75,1.75,3.125,19,23,1,27,19,30,32,33
191,1,3.75,3.3333333333333335,1.375,1.625,3.2083333333333335,19,23,1,27,19,30,32,33
191,2,2.625,2.0625,2,2.25,2.5625,19,23,1,27,19,30,32,33
191,3,2.5,2.0625,2.8125,2.625,3.0166666666666666,19,23,1,27,19,30,32,33
191,4,2.8333333333333335,2.25,2.7083333333333335,2.5,2.9583333333333335,19,23,1,27,19,30,32,33
191,5,3,2.45,2,2,2.8666666666666667,19,23,1,27,19,30,32,33
191,6,3,2.5416666666666665,2.5,2.4583333333333335,2.9,19,23,1,27,19,30,32,33
192,0,3.5,3.0625,1.75,2.25,2.375,22,63,0,31,27,49,41,36
192,1,2.625,2.75,2.5625,2.8125,1.9375,22,63,0,31,27,49,41,36
192,2,3.5,3.5,1.8333333333333333,1.6666666666666667,3.0833333333333335,22,63,0,31,27,49,41,36
192,3,2.75,2.125,2.1666666666666665,2.7916666666666665,2.2083333333333335,22,63,0,31,27,49,41,36
192,4,2.8,2.6,2.1,2.4,3.1,22,63,0,31,27,49,41,36
192,5,2.25,2.0833333333333335,2.4583333333333335,3.375,1.625,22,63,0,31,27,49,41,36
192,6,1.8333333333333333,2,2.8333333333333335,3.6666666666666665,1.6666666666666667,22,63,0,31,27,49,41,36
193,0,1,1.8,2.05,1.95,3.05,20,38,0,40,11,49,15,33
193,1,1,1.125,2,3.375,2.625,20,38,0,40,11,49,15,33
193,2,1,1.25,2.4166666666666665,4.166666666666667,2.5,20,38,0,40,11,49,15,33
193,3,1.6666666666666667,1.0833333333333333,2.0833333333333335,3.1666666666666665,2.9166666666666665,20,38,0,40,11,49,15,33
193,4,1.5,1.75,2.5833333333333335,2.4166666666666665,2.25,20,38,0,40,11,49,15,33
193,5,1,1.3125,3.0625,3.375,1.875,20,38,0,40,11,49,15,33
193,6,1.1666666666666667,1.4166666666666667,2.25,3.8333333333333335,3.0833333333333335,20,38,0,40,11,49,15,33
194,0,2.5,1.875,1.375,1.25,3.5,12,34,1,26,28,32,31,31
194,1,2.6666666666666665,2.1666666666666665,1.5,1.25,3,12,34,1,26,28,32,31,31
194,2,3,2.8,1.25,1.05,3.5,12,34,1,26,28,32,31,31
194,3,4.2,3.75,1,1,3.7,12,34,1,26,28,32,31,31
194,4,3.5,3,1.4,1.05,3.15,12,34,1,26,28,32,31,31
194,5,3.5833333333333335,3.1666666666666665,1,1,3.75,12,34,1,26,28,32,31,31
194,6,2,1.5833333333333333,1.4166666666666667,1,3,12,34,1,26,28,32,31,31
195,0,2.125,2,1.6875,1.4375,3.125,30,26,0,28,32,42,33,24
195,1,3.5,3.25,1.0833333333333333,1.0416666666666667,3.3333333333333335,30,26,0,28,32,42,33,24
195,2,2.3,1.65,1.6,1.25,3.1,30,26,0,28,32,42,33,24
195,3,2.5,2.25,1.1666666666666667,1.2,3.2916666666666665,30,26,0,28,32,42,33,24
195,4,2.5,2,1.25,1.125,3.4,30,26,0,28,32,42,33,24
195,5,2.25,1.5833333333333333,1.7916666666666667,1.1666666666666667,3.2916666666666665,30,26,0,28,32,42,33,24
195,6,2.5,1.5,2.4,1.1,3.1,30,26,0,28,32,42,33,24
196,0,2.1,1.05,2.05,1.4,2.9,12,22,1,30,15,32,37,33
196,1,2.5,1.4375,1.875,1.1875,3.125,12,22,1,30,15,32,37,33
196,2,2.1,1.15,1.6,1,3.1,12,22,1,30,15,32,37,33
196,3,2,1,1.875,1.125,3,12,22,1,30,15,32,37,33
196,4,2.0833333333333335,1,1.6666666666666667,1,3.1666666666666665,12,22,1,30,15,32,37,33
196,5,2,1,1.875,1.2916666666666667,2.7916666666666665,12,22,1,30,15,32,37,33
196,6,2,1,1.65,1,3.15,12,22,1,30,15,32,37,33
197,0,3.4,3.15,1.15,1.05,4,26,25,0,21,13,34,37,25
197,1,2.125,2.0625,2.1875,1.5,3.4166666666666665,26,25,0,21,13,34,37,25
197,2,1.3333333333333333,1.25,1.625,1.0833333333333333,3.111111111111111,26,25,0,21,13,34,37,25
197,3,2.375,1.5625,1.1875,1.125,3.6875,26,25,0,21,13,34,37,25
197,4,3.75,2.5,1.25,1,3.625,26,25,0,21,13,34,37,25
197,5,2.875,2.0625,1.6875,1,2.9375,26,25,0,21,13,34,37,25
197,6,2,2.75,1,1,5,26,25,0,21,13,34,37,25
198,0,NA,NA,NA,NA,NA,21,36,1,28,31,40,30,43
198,1,NA,NA,NA,NA,NA,21,36,1,28,31,40,30,43
198,2,NA,NA,NA,NA,NA,21,36,1,28,31,40,30,43
198,3,NA,NA,NA,NA,NA,21,36,1,28,31,40,30,43
198,4,NA,NA,NA,NA,NA,21,36,1,28,31,40,30,43
198,5,NA,NA,NA,NA,NA,21,36,1,28,31,40,30,43
198,6,NA,NA,NA,NA,NA,21,36,1,28,31,40,30,43
199,0,2.25,2.625,2.5833333333333335,3.1666666666666665,2.4583333333333335,14,21,0,32,27,36,23,28
199,1,2.7,3.15,1.35,1.1,3.15,14,21,0,32,27,36,23,28
199,2,2.25,1.8333333333333333,2.4583333333333335,3,2.125,14,21,0,32,27,36,23,28
199,3,2,2.25,2.1666666666666665,2.625,2.3333333333333335,14,21,0,32,27,36,23,28
199,4,1.3333333333333333,1.5833333333333333,2.25,2.375,2.6666666666666665,14,21,0,32,27,36,23,28
199,5,1.9166666666666667,1.8333333333333333,1.9166666666666667,2.125,3.1666666666666665,14,21,0,32,27,36,23,28
199,6,1.9166666666666665,1.7916666666666667,2.75,2.2916666666666665,2.3194444444444446,14,21,0,32,27,36,23,28
200,0,4,4,1,1.05,4.5,25,23,1,23,23,39,22,34
200,1,3.75,3.5,1.1666666666666667,1.2916666666666667,4.333333333333333,25,23,1,23,23,39,22,34
200,2,4,3.6666666666666665,1.2083333333333333,1.375,4.375,25,23,1,23,23,39,22,34
200,3,4,3.6666666666666665,1,1,4.5,25,23,1,23,23,39,22,34
200,4,4,3.9166666666666665,1,1,4.5,25,23,1,23,23,39,22,34
200,5,4,3.5,1,1,4.5,25,23,1,23,23,39,22,34
200,6,4,3.6,1.2,1,4.566666666666666,25,23,1,23,23,39,22,34
201,0,2.5,1.9166666666666667,1.5,1.125,3.2083333333333335,19,25,0,30,21,36,26,25
201,1,2.3333333333333335,1.875,1.4583333333333333,1.0416666666666667,2.9166666666666665,19,25,0,30,21,36,26,25
201,2,2.75,2.3125,1,1,3.375,19,25,0,30,21,36,26,25
201,3,2.2,1.7,1.3,1.0625,3.3,19,25,0,30,21,36,26,25
201,4,2.5,2.2916666666666665,1.2083333333333333,1.0833333333333333,3.5416666666666665,19,25,0,30,21,36,26,25
201,5,2.4,2.35,1.05,1,3.55,19,25,0,30,21,36,26,25
201,6,3.125,2.875,1.125,1,3.6875,19,25,0,30,21,36,26,25
202,0,NA,NA,NA,NA,NA,23,25,0,17,32,38,34,30
202,1,3.4166666666666665,2.75,1.25,1.4583333333333333,3.0833333333333335,23,25,0,17,32,38,34,30
202,2,2.75,3.2083333333333335,1.4583333333333333,1.7083333333333333,2.8472222222222223,23,25,0,17,32,38,34,30
202,3,2.5833333333333335,2.9583333333333335,1.3333333333333333,1.4583333333333333,3,23,25,0,17,32,38,34,30
202,4,2.4,2.75,1.2,1.55,2.9,23,25,0,17,32,38,34,30
202,5,2.1666666666666665,3.3333333333333335,1.8055555555555556,1.8333333333333333,3.25,23,25,0,17,32,38,34,30
202,6,2.6,2.95,1.45,1.65,2.5666666666666664,23,25,0,17,32,38,34,30
203,0,2.4,2.7,2,1.9,2.7,22,53,1,19,30,46,39,39
203,1,2.75,2.5,1.2916666666666667,1.0833333333333333,3.1666666666666665,22,53,1,19,30,46,39,39
203,2,3.9,3.6,1.05,1.1,2.9166666666666665,22,53,1,19,30,46,39,39
203,3,3.125,3.1875,1,1.25,3.0625,22,53,1,19,30,46,39,39
203,4,3.1666666666666665,2.5416666666666665,1.375,1.25,2.8333333333333335,22,53,1,19,30,46,39,39
203,5,1.6666666666666667,1.25,1.5,1.3333333333333333,2.8333333333333335,22,53,1,19,30,46,39,39
203,6,1.625,1.3125,1.75,1,2.6875,22,53,1,19,30,46,39,39
206,0,1.8333333333333333,1.6666666666666667,1.6666666666666667,2.2083333333333335,3.2083333333333335,26,23,1,25,22,37,41,26
206,1,1.8333333333333333,1.375,1.4583333333333333,2.1666666666666665,3.5,26,23,1,25,22,37,41,26
206,2,1.3333333333333333,1.25,2.2916666666666665,2.5,3.375,26,23,1,25,22,37,41,26
206,3,1.2,1.15,2.15,2.45,2.9,26,23,1,25,22,37,41,26
206,4,1.25,1.3125,2.125,2.5,2.875,26,23,1,25,22,37,41,26
206,5,2.75,2.75,1.75,1.4375,3.5,26,23,1,25,22,37,41,26
206,6,1.1666666666666667,1.0833333333333333,1.875,2.5833333333333335,2.7083333333333335,26,23,1,25,22,37,41,26
207,0,3.75,3.6875,1.0625,1.0625,3.125,22,29,1,21,26,48,37,39
207,1,2.5,2.25,1.45,1.25,2.7,22,29,1,21,26,48,37,39
207,2,3.25,2.875,1.5416666666666665,1.4166666666666667,3.7083333333333335,22,29,1,21,26,48,37,39
207,3,2.5,2.85,1.25,1.35,3.1,22,29,1,21,26,48,37,39
207,4,3.1666666666666665,3.6666666666666665,1.2083333333333333,1.0833333333333333,3.5416666666666665,22,29,1,21,26,48,37,39
207,5,2.5,2.2916666666666665,1.5,1.25,3.375,22,29,1,21,26,48,37,39
207,6,4.25,4.375,1.1666666666666667,1,3.9583333333333335,22,29,1,21,26,48,37,39
208,0,3.1666666666666665,1.8333333333333333,1.1666666666666667,1.1666666666666667,3.4166666666666665,10,38,1,27,20,28,31,28
208,1,3.3333333333333335,2,1.25,1,3.1666666666666665,10,38,1,27,20,28,31,28
208,2,2.25,1.1875,1.3125,1,3.1875,10,38,1,27,20,28,31,28
208,3,2.125,1.0625,1.5625,1.125,3,10,38,1,27,20,28,31,28
208,4,2.75,1.1875,1.1875,1.0625,3.25,10,38,1,27,20,28,31,28
208,5,2.1666666666666665,1.25,1.1666666666666667,1,3.5,10,38,1,27,20,28,31,28
208,6,2.5,1,1.1875,1.0625,3.3125,10,38,1,27,20,28,31,28
209,0,2.0833333333333335,1.7916666666666667,4.083333333333333,4.208333333333333,2.875,28,34,1,14,27,37,41,44
209,1,1.9,2.15,3.35,4.05,2.9,28,34,1,14,27,37,41,44
209,2,2.0833333333333335,2.25,2.2916666666666665,3.8333333333333335,3.5,28,34,1,14,27,37,41,44
209,3,2.1666666666666665,2.2916666666666665,2.5416666666666665,3.75,3.6666666666666665,28,34,1,14,27,37,41,44
209,4,1.5833333333333333,1.7916666666666667,3.2083333333333335,4.166666666666667,2.875,28,34,1,14,27,37,41,44
209,5,2.1666666666666665,3.4166666666666665,1.875,3.1666666666666665,4,28,34,1,14,27,37,41,44
209,6,1.9,2.75,2.25,3.2,3.55,28,34,1,14,27,37,41,44
210,0,3.5,4,1.75,1.875,3.125,26,56,1,27,33,43,37,42
210,1,3.1,2.95,2,1.9,3.15,26,56,1,27,33,43,37,42
210,2,2.4166666666666665,2.8333333333333335,1.25,2,3.375,26,56,1,27,33,43,37,42
210,3,3.8,3.5,1.35,1.3,3.8,26,56,1,27,33,43,37,42
210,4,3.8,3.65,1.05,1.25,4.2,26,56,1,27,33,43,37,42
210,5,3.9166666666666665,3.8333333333333335,1.25,1.25,3.9166666666666665,26,56,1,27,33,43,37,42
210,6,2.9166666666666665,2.8333333333333335,1.4583333333333333,1.8333333333333333,3.25,26,56,1,27,33,43,37,42
212,0,3.25,2.8125,2,1.875,3.625,19,65,0,24,25,40,34,38
212,1,2.6666666666666665,2.3333333333333335,1.875,1.9166666666666667,3.2083333333333335,19,65,0,24,25,40,34,38
212,2,2.8,2.1,1.05,1.3,3.2,19,65,0,24,25,40,34,38
212,3,2.9,2.75,1,1,3.15,19,65,0,24,25,40,34,38
212,4,2.5,2.8,1.15,1,3.3,19,65,0,24,25,40,34,38
212,5,3,2.8,1.05,1,3.25,19,65,0,24,25,40,34,38
212,6,2.3,2.65,1,1.05,3.2,19,65,0,24,25,40,34,38
214,0,NA,NA,NA,NA,NA,19,19,1,35,27,35,36,23
214,1,NA,NA,NA,NA,NA,19,19,1,35,27,35,36,23
214,2,NA,NA,NA,NA,NA,19,19,1,35,27,35,36,23
214,3,NA,NA,NA,NA,NA,19,19,1,35,27,35,36,23
214,4,NA,NA,NA,NA,NA,19,19,1,35,27,35,36,23
214,5,NA,NA,NA,NA,NA,19,19,1,35,27,35,36,23
214,6,NA,NA,NA,NA,NA,19,19,1,35,27,35,36,23
215,0,2.625,2.0625,1.125,1.4375,3.5,23,51,1,14,35,48,38,22
215,1,3.1,2,1.3,1.65,4.5,23,51,1,14,35,48,38,22
215,2,2.5,1.875,1.2916666666666667,1.5416666666666667,4.75,23,51,1,14,35,48,38,22
215,3,2.8333333333333335,1.9583333333333333,1.0833333333333333,1.9583333333333333,3.5833333333333335,23,51,1,14,35,48,38,22
215,4,2.5,1.625,1,1.125,3.8125,23,51,1,14,35,48,38,22
215,5,2.8,2.45,1.15,1.8,4.1,23,51,1,14,35,48,38,22
215,6,3,3.0625,1.0625,1.4166666666666667,3.5625,23,51,1,14,35,48,38,22
216,0,2.3333333333333335,1.5,1.9166666666666667,2.2916666666666665,2.375,NA,22,0,NA,NA,NA,NA,NA
216,1,2.875,2.8125,1.1875,1.1875,3,NA,22,0,NA,NA,NA,NA,NA
216,2,2.3333333333333335,1.4583333333333333,2.0833333333333335,2.625,2.4166666666666665,NA,22,0,NA,NA,NA,NA,NA
216,3,1.6666666666666667,1.2083333333333333,2.75,3.5416666666666665,1.8333333333333333,NA,22,0,NA,NA,NA,NA,NA
216,4,2,1.3125,2.375,2.5625,2.5625,NA,22,0,NA,NA,NA,NA,NA
216,5,1.5,1.3125,2.625,2.9375,2,NA,22,0,NA,NA,NA,NA,NA
216,6,1,1,3.375,3.3333333333333335,1.75,NA,22,0,NA,NA,NA,NA,NA
217,0,1.5,2.0833333333333335,2.7083333333333335,3.125,2.375,16,24,1,33,20,42,21,23
217,1,1.5833333333333333,1.7916666666666667,2.7916666666666665,3.0416666666666665,2.5,16,24,1,33,20,42,21,23
217,2,1.25,1.75,3.1666666666666665,3.5416666666666665,2.375,16,24,1,33,20,42,21,23
217,3,3.1,3.45,2.6,2.25,2.95,16,24,1,33,20,42,21,23
217,4,2,2.25,2,2.0625,3.4375,16,24,1,33,20,42,21,23
217,5,1.5,1.4583333333333333,3.2083333333333335,3.5,2.1666666666666665,16,24,1,33,20,42,21,23
217,6,1.5833333333333333,2.125,2.625,2.75,2.2083333333333335,16,24,1,33,20,42,21,23
218,0,NA,NA,NA,NA,NA,NA,35,1,NA,NA,NA,NA,NA
218,1,NA,NA,NA,NA,NA,NA,35,1,NA,NA,NA,NA,NA
218,2,NA,NA,NA,NA,NA,NA,35,1,NA,NA,NA,NA,NA
218,3,NA,NA,NA,NA,NA,NA,35,1,NA,NA,NA,NA,NA
218,4,NA,NA,NA,NA,NA,NA,35,1,NA,NA,NA,NA,NA
218,5,NA,NA,NA,NA,NA,NA,35,1,NA,NA,NA,NA,NA
218,6,NA,NA,NA,NA,NA,NA,35,1,NA,NA,NA,NA,NA
219,0,3.375,2.875,2.375,1.3125,3,17,45,1,21,27,36,31,31
219,1,2.875,2.6875,2.1875,1.8125,2.9375,17,45,1,21,27,36,31,31
219,2,1.875,1.75,1.75,1.3125,3,17,45,1,21,27,36,31,31
219,3,2,2.375,2.5,1.125,3,17,45,1,21,27,36,31,31
219,4,2.6,2.85,2.8,1,2.95,17,45,1,21,27,36,31,31
219,5,2.625,2.9375,1.9375,1.5625,3,17,45,1,21,27,36,31,31
219,6,3.875,3,2.1875,1.125,2.9375,17,45,1,21,27,36,31,31
220,0,1,1.3333333333333333,1.9583333333333333,4.125,2.6666666666666665,11,55,1,36,19,43,36,15
220,1,1,1,2,4.416666666666667,2.5416666666666665,11,55,1,36,19,43,36,15
220,2,1,1.2,1.95,4.35,2.5,11,55,1,36,19,43,36,15
220,3,1.1,1.15,1.7,3.45,2.5,11,55,1,36,19,43,36,15
220,4,1,1.0416666666666667,2.125,4.166666666666667,2.2083333333333335,11,55,1,36,19,43,36,15
220,5,1,1.0833333333333333,1.9166666666666667,4,2.5416666666666665,11,55,1,36,19,43,36,15
220,6,1,1.2916666666666667,1.9583333333333333,4.333333333333333,2.375,11,55,1,36,19,43,36,15
221,0,2.9166666666666665,2.5833333333333335,1,1.3333333333333333,4.375,24,55,1,23,28,22,31,28
221,1,2.1666666666666665,1.7083333333333333,1.25,1.375,3.75,24,55,1,23,28,22,31,28
221,2,1.9166666666666667,1.9166666666666667,1.75,2.0416666666666665,3.9166666666666665,24,55,1,23,28,22,31,28
221,3,1.9166666666666667,1.4583333333333333,1.1666666666666667,1.5416666666666667,4.208333333333333,24,55,1,23,28,22,31,28
221,4,2.25,2.125,1.0416666666666667,1.125,4.375,24,55,1,23,28,22,31,28
221,5,2.0833333333333335,2.1666666666666665,1,1.0833333333333333,4.25,24,55,1,23,28,22,31,28
221,6,2,1.75,1,1.0833333333333333,4.25,24,55,1,23,28,22,31,28
222,0,1.6,1.85,1.5,1.55,2.8,14,19,1,31,11,46,40,32
222,1,3,2.25,1.6666666666666667,1.3333333333333333,3.5833333333333335,14,19,1,31,11,46,40,32
222,2,1.625,1,1.6666666666666667,2.1875,3.6875,14,19,1,31,11,46,40,32
222,3,1,1,2.25,4,1,14,19,1,31,11,46,40,32
222,4,2.5,2.375,1.75,2.5,3.25,14,19,1,31,11,46,40,32
222,5,2.5,1.75,1.25,1,5,14,19,1,31,11,46,40,32
222,6,NA,NA,NA,NA,NA,14,19,1,31,11,46,40,32
223,0,2.5833333333333335,2.375,1.5833333333333333,1.375,3.75,15,18,1,40,13,30,29,28
223,1,2.9,2.7,2.15,1.1,4.15,15,18,1,40,13,30,29,28
223,2,2.0833333333333335,2.375,2.7916666666666665,1.8,3.1666666666666665,15,18,1,40,13,30,29,28
223,3,1.9166666666666667,2,2.125,1.3,3.5416666666666665,15,18,1,40,13,30,29,28
223,4,2.8333333333333335,2.625,1.8333333333333333,1.3333333333333333,3.5416666666666665,15,18,1,40,13,30,29,28
223,5,1.9166666666666667,2.375,1.2083333333333333,1,3.4583333333333335,15,18,1,40,13,30,29,28
223,6,1.6666666666666667,1.6666666666666667,1.8333333333333333,1.15,3.2916666666666665,15,18,1,40,13,30,29,28
224,0,3.5,3.3125,2,2.1875,2.3125,20,64,1,34,22,34,34,29
224,1,3.0833333333333335,2,2.2083333333333335,2.125,2.25,20,64,1,34,22,34,34,29
224,2,1.9166666666666667,2.2083333333333335,1.9166666666666667,1.7083333333333333,2.5416666666666665,20,64,1,34,22,34,34,29
224,3,2.6666666666666665,2.4583333333333335,1.75,1.875,2.4583333333333335,20,64,1,34,22,34,34,29
224,4,3.3333333333333335,2.4583333333333335,1.5833333333333333,1.5833333333333333,2.4583333333333335,20,64,1,34,22,34,34,29
224,5,4.333333333333333,3.5,1.0833333333333333,1.0833333333333333,2.75,20,64,1,34,22,34,34,29
224,6,4.2,3.4,1.05,1,2.65,20,64,1,34,22,34,34,29
227,0,3,2.625,2.7083333333333335,2.125,2.2916666666666665,17,19,1,35,24,36,32,28
227,1,3.25,3.2083333333333335,1.375,1.5,3.7083333333333335,17,19,1,35,24,36,32,28
227,2,2.5,2.0416666666666665,1.75,2.0416666666666665,2.875,17,19,1,35,24,36,32,28
227,3,3,3,1.75,1.5,2.9,17,19,1,35,24,36,32,28
227,4,2.5833333333333335,2.125,2.0833333333333335,1.9166666666666667,2.5416666666666665,17,19,1,35,24,36,32,28
227,5,2.6,2.05,2,1.9,2.45,17,19,1,35,24,36,32,28
227,6,2.8,2.35,2.4,2,2.6,17,19,1,35,24,36,32,28
228,0,1.3,1.4,1.35,1.5,2.95,29,52,0,29,12,38,33,34
228,1,1.25,1.2916666666666667,1.5416666666666667,1.4583333333333333,3.0416666666666665,29,52,0,29,12,38,33,34
228,2,1.25,1.3333333333333333,1.125,1.875,2.875,29,52,0,29,12,38,33,34
228,3,1,1.5,1.375,1.75,2.75,29,52,0,29,12,38,33,34
228,4,1.8333333333333333,2.4583333333333335,1,1.2083333333333333,3.0416666666666665,29,52,0,29,12,38,33,34
228,5,1.25,1.25,1.0416666666666667,1.4583333333333333,2.9166666666666665,29,52,0,29,12,38,33,34
228,6,1.5833333333333333,1.875,1.125,2.0416666666666665,2.7916666666666665,29,52,0,29,12,38,33,34
229,0,1.4,1.5,1.85,2.75,2.25,13,32,0,30,14,30,35,25
229,1,2.25,1.3333333333333333,1.4583333333333333,1.875,2.5416666666666665,13,32,0,30,14,30,35,25
229,2,2.2,1.25,1.05,1.45,3.1,13,32,0,30,14,30,35,25
229,3,2.0833333333333335,2.0416666666666665,1.0833333333333333,1.125,3,13,32,0,30,14,30,35,25
229,4,1.5,1.2,1.85,2.5,2.2,13,32,0,30,14,30,35,25
229,5,1.5,1.2916666666666667,1.5,2.0416666666666665,2.5972222222222223,13,32,0,30,14,30,35,25
229,6,1.6,1.15,1.45,2.6,2.25,13,32,0,30,14,30,35,25
230,0,2.2,1.95,1.2,1.7,3.5,24,27,1,25,22,45,31,21
230,1,2,1.6,1.6,1.8,2.85,24,27,1,25,22,45,31,21
230,2,2.0833333333333335,1.7083333333333333,1.25,1.7916666666666667,3.5833333333333335,24,27,1,25,22,45,31,21
230,3,1.8,1.5,1.375,1.875,3.1,24,27,1,25,22,45,31,21
230,4,2.2,1.7,1.6,1.85,3,24,27,1,25,22,45,31,21
230,5,2.2,1.9,1.2,1.3,3.4,24,27,1,25,22,45,31,21
230,6,2.5,1.9375,1.375,1.75,3.4375,24,27,1,25,22,45,31,21
231,0,1.3333333333333333,1.6666666666666667,3.7083333333333335,4,1.75,11,39,0,32,28,35,33,33
231,1,1.25,1.625,4.333333333333333,4.083333333333333,1.5,11,39,0,32,28,35,33,33
231,2,1.3333333333333333,2.2083333333333335,4.25,4.25,1.5,11,39,0,32,28,35,33,33
231,3,1,1.55,4.2,4.2,1.45,11,39,0,32,28,35,33,33
231,4,1.25,1.7083333333333333,4.25,4.083333333333333,1.625,11,39,0,32,28,35,33,33
231,5,1.2,1.6,4.15,4,1.75,11,39,0,32,28,35,33,33
231,6,1.3333333333333333,1.5833333333333333,3.4583333333333335,3.8333333333333335,1.5833333333333333,11,39,0,32,28,35,33,33
234,0,1.4166666666666667,1.375,2.75,3.6666666666666665,1.9166666666666667,18,23,1,34,21,44,40,24
234,1,1.75,1.3333333333333333,3.0416666666666665,3.5,2.2083333333333335,18,23,1,34,21,44,40,24
234,2,1.625,1.375,2.1875,2.625,1.8125,18,23,1,34,21,44,40,24
234,3,1.7,1.45,1.65,2.15,2.15,18,23,1,34,21,44,40,24
234,4,1.8333333333333333,1.3055555555555556,2.0833333333333335,2.5833333333333335,2.3333333333333335,18,23,1,34,21,44,40,24
234,5,1.5833333333333333,1.5833333333333333,1.2916666666666667,1.9583333333333333,2.6666666666666665,18,23,1,34,21,44,40,24
234,6,2,1.75,1.5625,1.8125,3.25,18,23,1,34,21,44,40,24
235,0,NA,NA,NA,NA,NA,12,50,0,31,24,43,27,26
235,1,NA,NA,NA,NA,NA,12,50,0,31,24,43,27,26
235,2,NA,NA,NA,NA,NA,12,50,0,31,24,43,27,26
235,3,NA,NA,NA,NA,NA,12,50,0,31,24,43,27,26
235,4,NA,NA,NA,NA,NA,12,50,0,31,24,43,27,26
235,5,NA,NA,NA,NA,NA,12,50,0,31,24,43,27,26
235,6,NA,NA,NA,NA,NA,12,50,0,31,24,43,27,26
238,0,1.75,1.9583333333333333,2.6666666666666665,2.75,2.7916666666666665,21,53,0,29,17,35,37,36
238,1,1.4166666666666667,1.625,1.625,2.0416666666666665,3,21,53,0,29,17,35,37,36
238,2,1.4,1.8,2.65,2.95,2.6,21,53,0,29,17,35,37,36
238,3,1.5,1.8333333333333333,2.0833333333333335,2.8333333333333335,2.8333333333333335,21,53,0,29,17,35,37,36
238,4,1.1666666666666667,1.8333333333333333,2.7916666666666665,3,2.2916666666666665,21,53,0,29,17,35,37,36
238,5,1.0833333333333333,1.7083333333333333,3.1666666666666665,3.4583333333333335,2.25,21,53,0,29,17,35,37,36
238,6,1.0833333333333333,1.7916666666666667,1.875,2.5,2.9583333333333335,21,53,0,29,17,35,37,36
240,0,2.5,2.6666666666666665,3.5833333333333335,3.4583333333333335,2.3333333333333335,16,58,0,35,32,31,26,31
240,1,2.1666666666666665,2.2083333333333335,2.85,3.125,2.736111111111111,16,58,0,35,32,31,26,31
240,2,2.5833333333333335,2.625,1.7083333333333333,2.8333333333333335,3,16,58,0,35,32,31,26,31
240,3,2.2,2.7083333333333335,3.0833333333333335,3,2.9583333333333335,16,58,0,35,32,31,26,31
240,4,2.3,2.55,3.35,3.05,2.5,16,58,0,35,32,31,26,31
240,5,2.4166666666666665,2.3333333333333335,3.2916666666666665,2.9583333333333335,2.5416666666666665,16,58,0,35,32,31,26,31
240,6,2.3333333333333335,2.5833333333333335,3.2916666666666665,3.1666666666666665,2.8333333333333335,16,58,0,35,32,31,26,31
243,0,4,4,1.5416666666666667,1.1666666666666667,3.9166666666666665,22,63,1,21,32,38,40,39
243,1,4.5,4.5,1.2,1,4.6,22,63,1,21,32,38,40,39
243,2,3.6,3.15,1.45,1.6,3.75,22,63,1,21,32,38,40,39
243,3,3.8333333333333335,3.5416666666666665,1.1666666666666667,1.3333333333333333,4.083333333333333,22,63,1,21,32,38,40,39
243,4,3.9,3.7,1,1,4.45,22,63,1,21,32,38,40,39
243,5,3.8333333333333335,3.5,1,1.0416666666666667,4.333333333333333,22,63,1,21,32,38,40,39
243,6,4.2,4.25,1.05,1.05,4.6,22,63,1,21,32,38,40,39
244,0,3.1666666666666665,2.3333333333333335,1.75,1.75,3,17,26,1,26,13,22,30,35
244,1,2.3,1.75,1.6,1.65,3.05,17,26,1,26,13,22,30,35
244,2,3.3,2.9,1.65,1.55,3.25,17,26,1,26,13,22,30,35
244,3,2.3333333333333335,1.6666666666666667,1.5,1.7916666666666667,3.1666666666666665,17,26,1,26,13,22,30,35
244,4,3.25,2.375,1.6666666666666667,1.5416666666666667,3.3333333333333335,17,26,1,26,13,22,30,35
244,5,2.6,1.95,1.8,1.7,3.2,17,26,1,26,13,22,30,35
244,6,2.3333333333333335,1.7083333333333333,2,2.0833333333333335,2.7916666666666665,17,26,1,26,13,22,30,35
245,0,NA,NA,NA,NA,NA,NA,25,0,NA,NA,NA,NA,NA
245,1,NA,NA,NA,NA,NA,NA,25,0,NA,NA,NA,NA,NA
245,2,NA,NA,NA,NA,NA,NA,25,0,NA,NA,NA,NA,NA
245,3,NA,NA,NA,NA,NA,NA,25,0,NA,NA,NA,NA,NA
245,4,NA,NA,NA,NA,NA,NA,25,0,NA,NA,NA,NA,NA
245,5,NA,NA,NA,NA,NA,NA,25,0,NA,NA,NA,NA,NA
245,6,NA,NA,NA,NA,NA,NA,25,0,NA,NA,NA,NA,NA
246,0,NA,NA,NA,NA,NA,15,63,0,NA,NA,NA,NA,NA
246,1,NA,NA,NA,NA,NA,15,63,0,NA,NA,NA,NA,NA
246,2,NA,NA,NA,NA,NA,15,63,0,NA,NA,NA,NA,NA
246,3,NA,NA,NA,NA,NA,15,63,0,NA,NA,NA,NA,NA
246,4,NA,NA,NA,NA,NA,15,63,0,NA,NA,NA,NA,NA
246,5,NA,NA,NA,NA,NA,15,63,0,NA,NA,NA,NA,NA
246,6,NA,NA,NA,NA,NA,15,63,0,NA,NA,NA,NA,NA
247,0,3.6666666666666665,3.1666666666666665,1.0416666666666667,1,3.7916666666666665,21,19,1,28,18,39,41,31
247,1,3.5,3.05,1.1,1,3.35,21,19,1,28,18,39,41,31
247,2,3.8333333333333335,3.1666666666666665,1.25,1,3.5833333333333335,21,19,1,28,18,39,41,31
247,3,4.166666666666667,3.0833333333333335,1.3333333333333333,1,3.3333333333333335,21,19,1,28,18,39,41,31
247,4,4,3.2916666666666665,1.1666666666666667,1,3.6666666666666665,21,19,1,28,18,39,41,31
247,5,3.4,2.6,1.8,1.15,3.2,21,19,1,28,18,39,41,31
247,6,3.25,3.125,1.6875,1,3.5625,21,19,1,28,18,39,41,31
248,0,NA,NA,NA,NA,NA,26,31,1,26,36,35,31,37
248,1,NA,NA,NA,NA,NA,26,31,1,26,36,35,31,37
248,2,NA,NA,NA,NA,NA,26,31,1,26,36,35,31,37
248,3,NA,NA,NA,NA,NA,26,31,1,26,36,35,31,37
248,4,NA,NA,NA,NA,NA,26,31,1,26,36,35,31,37
248,5,NA,NA,NA,NA,NA,26,31,1,26,36,35,31,37
248,6,NA,NA,NA,NA,NA,26,31,1,26,36,35,31,37
249,0,3,2.3333333333333335,1.7916666666666667,2.375,3,25,61,0,32,30,35,30,21
249,1,3.5833333333333335,3.5833333333333335,1.7083333333333333,1.9166666666666667,3.3333333333333335,25,61,0,32,30,35,30,21
249,2,3.4166666666666665,3.25,1.25,1.7916666666666667,3.375,25,61,0,32,30,35,30,21
249,3,3.0833333333333335,2.2916666666666665,1.875,2,2.625,25,61,0,32,30,35,30,21
249,4,3.3333333333333335,3.0416666666666665,1.0833333333333333,1.5833333333333333,3.25,25,61,0,32,30,35,30,21
249,5,3.3333333333333335,3.125,1.7083333333333333,2,3.25,25,61,0,32,30,35,30,21
249,6,3.3333333333333335,3.5833333333333335,1.125,1.8333333333333333,3.2916666666666665,25,61,0,32,30,35,30,21
250,0,2.5,1.4375,3.6666666666666665,3.125,1.75,23,60,0,24,34,45,43,39
250,1,2,1.85,3.85,2.8,2.45,23,60,0,24,34,45,43,39
250,2,4.3,3.85,1.3,1.55,3.4,23,60,0,24,34,45,43,39
250,3,4.416666666666667,4,1.4166666666666667,1.0416666666666667,3.25,23,60,0,24,34,45,43,39
250,4,4.4,4.15,2.3,1.35,2.9,23,60,0,24,34,45,43,39
250,5,4.1,3,2.25,1.9,3.05,23,60,0,24,34,45,43,39
250,6,4.2,3.85,1.75,1.2,3.3,23,60,0,24,34,45,43,39
251,0,2,1.6,1,1.8,3.3,12,65,0,35,19,33,28,20
251,1,1.8333333333333333,2.125,1.0833333333333333,1.7916666666666667,3.4166666666666665,12,65,0,35,19,33,28,20
251,2,1.1,1.1,1.1,1.9,2.45,12,65,0,35,19,33,28,20
251,3,1.375,1.4375,1.25,2.125,2.5,12,65,0,35,19,33,28,20
251,4,1,1.05,1.8,2.2,2,12,65,0,35,19,33,28,20
251,5,1,1,2,2.5,1.8333333333333333,12,65,0,35,19,33,28,20
251,6,1.5833333333333333,1.6666666666666667,1.1666666666666667,2,2.875,12,65,0,35,19,33,28,20
252,0,3.0833333333333335,2.4583333333333335,1.25,1.2916666666666667,4,21,21,0,32,20,34,31,26
252,1,3,3,1.1666666666666667,1.25,3.5833333333333335,21,21,0,32,20,34,31,26
252,2,3.3333333333333335,3.125,1.125,1.0416666666666667,3.8333333333333335,21,21,0,32,20,34,31,26
252,3,2.6666666666666665,1.75,1.75,1.7083333333333333,2.6666666666666665,21,21,0,32,20,34,31,26
252,4,2.75,1.8333333333333333,1.9166666666666667,1.7916666666666667,3.0833333333333335,21,21,0,32,20,34,31,26
252,5,2.8333333333333335,2.5,1.5416666666666667,1.2916666666666667,3.7916666666666665,21,21,0,32,20,34,31,26
252,6,2.9166666666666665,2.2083333333333335,1.2083333333333333,1.0416666666666667,3.875,21,21,0,32,20,34,31,26
253,0,2.1666666666666665,2.5,2.5,2.5,2.6666666666666665,21,20,0,14,6,20,14,13
253,1,2.0833333333333335,2.2083333333333335,2.2916666666666665,1.7083333333333333,2.5,21,20,0,14,6,20,14,13
253,2,2.25,1.8125,2.75,1.9375,2.4375,21,20,0,14,6,20,14,13
253,3,1.8333333333333333,2.0416666666666665,2.1666666666666665,1.6666666666666667,2.6666666666666665,21,20,0,14,6,20,14,13
253,4,2.7,2.7,2.65,2.15,2.4,21,20,0,14,6,20,14,13
253,5,1.6666666666666667,2.4583333333333335,2.625,2.0833333333333335,2.611111111111111,21,20,0,14,6,20,14,13
253,6,NA,NA,NA,NA,NA,21,20,0,14,6,20,14,13
254,0,2.4,2.8,1.9,1.95,2.933333333333333,19,21,0,29,23,39,28,30
254,1,1.625,1.6875,1.75,2,2.5,19,21,0,29,23,39,28,30
254,2,1.6666666666666667,1.5,2.5,3.375,2.5,19,21,0,29,23,39,28,30
254,3,2.25,1.8125,2,2.3125,2.8125,19,21,0,29,23,39,28,30
254,4,2.3,2.3,1.95,2.25,2.9,19,21,0,29,23,39,28,30
254,5,2.4,1.75,1.8333333333333333,1.85,3.15,19,21,0,29,23,39,28,30
254,6,2.625,2.35,1.95,2.25,2.7,19,21,0,29,23,39,28,30
255,0,1.5833333333333333,1,1.25,1.3333333333333333,3.5,21,49,0,25,15,42,37,43
255,1,1.3333333333333333,1.1666666666666667,1,1,3.5833333333333335,21,49,0,25,15,42,37,43
255,2,1.4166666666666667,1,1,1,3.8333333333333335,21,49,0,25,15,42,37,43
255,3,1.75,1.25,1,1,3.6666666666666665,21,49,0,25,15,42,37,43
255,4,1.9166666666666667,1.4583333333333333,1.2083333333333333,1.0416666666666667,3.5416666666666665,21,49,0,25,15,42,37,43
255,5,1.625,1.4375,1.25,1,3.3125,21,49,0,25,15,42,37,43
255,6,2,1.6666666666666667,1.2083333333333333,1,3.5,21,49,0,25,15,42,37,43
256,0,1.6,1.7,1.9,2.8,2.5,16,31,0,27,16,29,27,34
256,1,1.5,1.5,1.6,1.85,2.75,16,31,0,27,16,29,27,34
256,2,1.5833333333333333,1.2916666666666667,1.5416666666666667,1.875,2.7083333333333335,16,31,0,27,16,29,27,34
256,3,1.25,1.2916666666666667,1.2083333333333333,2.2916666666666665,2.5833333333333335,16,31,0,27,16,29,27,34
256,4,1.2,1.35,1.25,2.15,2.85,16,31,0,27,16,29,27,34
256,5,1.125,1.5625,1.75,2.5625,2.625,16,31,0,27,16,29,27,34
256,6,1.1,1.65,1.2,2,2.6,16,31,0,27,16,29,27,34
257,0,2.25,2.125,1.5,1.75,3.375,21,29,0,25,21,41,34,33
257,1,2.375,2.25,1.625,1.4375,3.625,21,29,0,25,21,41,34,33
257,2,2.5,2,1.25,1.5,3,21,29,0,25,21,41,34,33
257,3,2.0833333333333335,1.625,1.5,1.625,3.3,21,29,0,25,21,41,34,33
257,4,1.625,1.125,1.3125,1.625,3.25,21,29,0,25,21,41,34,33
257,5,2.5,2.625,1.25,1.4375,3.3125,21,29,0,25,21,41,34,33
257,6,1.9,1.35,2.35,1.8,2.6,21,29,0,25,21,41,34,33
258,0,1.4,1.35,3.15,3.45,2,10,19,1,36,18,34,31,16
258,1,1.8,1.3,2.3333333333333335,2.5,2.625,10,19,1,36,18,34,31,16
258,2,1.9,1.5625,1.6875,1.95,3.3,10,19,1,36,18,34,31,16
258,3,2.1666666666666665,1.75,1.2916666666666667,1.625,3.5,10,19,1,36,18,34,31,16
258,4,1.8,1.45,1.3,1.85,3.45,10,19,1,36,18,34,31,16
258,5,1.7,1.25,2.4,2.25,3.2,10,19,1,36,18,34,31,16
258,6,1.5833333333333333,1.375,2.1666666666666665,2.2916666666666665,3.0416666666666665,10,19,1,36,18,34,31,16
259,0,2.6666666666666665,3,1.3333333333333333,1.1666666666666667,3.3333333333333335,19,41,1,26,28,42,21,23
259,1,2.5,2.25,1.5625,1.125,3.1875,19,41,1,26,28,42,21,23
259,2,3,2.75,1.5,1.25,3.25,19,41,1,26,28,42,21,23
259,3,2,2.125,1.75,1.125,3.25,19,41,1,26,28,42,21,23
259,4,2.125,2.0625,1.65,1,2.9375,19,41,1,26,28,42,21,23
259,5,1.5,1.6666666666666667,2,1.75,2.6666666666666665,19,41,1,26,28,42,21,23
259,6,1.2,1.1,1.8,1.8,2.85,19,41,1,26,28,42,21,23
260,0,1.8,1.85,2.5,2.8,3.15,19,19,1,10,15,21,8,20
260,1,3.25,3.3125,2.75,2.0625,3.75,19,19,1,10,15,21,8,20
260,2,NA,NA,NA,NA,NA,19,19,1,10,15,21,8,20
260,3,1,2,4.625,4.416666666666667,2.75,19,19,1,10,15,21,8,20
260,4,NA,4.25,3.5,3.25,2,19,19,1,10,15,21,8,20
260,5,NA,NA,NA,NA,NA,19,19,1,10,15,21,8,20
260,6,2,3.5,3,NA,3.5,19,19,1,10,15,21,8,20
261,0,4.333333333333333,3.5416666666666665,2.75,1.75,3.375,20,24,1,21,39,41,40,41
261,1,5,4.166666666666667,1.2916666666666667,1.2083333333333333,3.7083333333333335,20,24,1,21,39,41,40,41
261,2,4.4,4.25,1.55,1.35,3.85,20,24,1,21,39,41,40,41
261,3,4.25,3.375,1.8333333333333333,1.5833333333333333,3.5833333333333335,20,24,1,21,39,41,40,41
261,4,5,4.65,1.25,1.15,4.5,20,24,1,21,39,41,40,41
261,5,4.666666666666667,4.708333333333333,1.25,1.3333333333333333,4.166666666666667,20,24,1,21,39,41,40,41
261,6,4.5,4.416666666666667,1.6875,1.125,3.1875,20,24,1,21,39,41,40,41
262,0,3,2.375,2.125,2.25,2.5625,13,42,1,31,26,38,27,29
262,1,2.5,2.7916666666666665,2.875,2.2916666666666665,2.6666666666666665,13,42,1,31,26,38,27,29
262,2,3,2.9375,3.1875,1.5625,2.375,13,42,1,31,26,38,27,29
262,3,2.625,2.25,3,1.9375,2.1875,13,42,1,31,26,38,27,29
262,4,2,1.8125,2.8125,2.8125,1.8125,13,42,1,31,26,38,27,29
262,5,2.5833333333333335,2.8333333333333335,2.25,1.625,2.4166666666666665,13,42,1,31,26,38,27,29
262,6,2.8,2.45,2,1.6,2.7,13,42,1,31,26,38,27,29
263,0,2.1666666666666665,2.0833333333333335,1.875,3.0416666666666665,2.8333333333333335,15,24,1,35,25,32,38,32
263,1,2.75,1.875,1.1666666666666667,1.6666666666666667,3.1666666666666665,15,24,1,35,25,32,38,32
263,2,2.5,2.0833333333333335,1.2083333333333333,1.4583333333333333,3,15,24,1,35,25,32,38,32
263,3,1.5,1.65,1.5,1.65,2.75,15,24,1,35,25,32,38,32
263,4,1.6,1.4,1.75,1.25,2.8,15,24,1,35,25,32,38,32
263,5,2.0833333333333335,1.8333333333333333,1.4166666666666667,1.5,2.7916666666666665,15,24,1,35,25,32,38,32
263,6,2.3333333333333335,1.8333333333333333,1,1,3,15,24,1,35,25,32,38,32
266,0,1.5,1.125,1.75,2.9583333333333335,2.5416666666666665,21,19,1,27,20,34,22,26
266,1,1.5833333333333333,1.1666666666666667,2.0833333333333335,2.9583333333333335,2.4583333333333335,21,19,1,27,20,34,22,26
266,2,1.25,1.1,2.55,3.2916666666666665,2.2916666666666665,21,19,1,27,20,34,22,26
266,3,1.5,1.0416666666666667,2.0833333333333335,3.2083333333333335,2.4583333333333335,21,19,1,27,20,34,22,26
266,4,1.5,1,2.6666666666666665,3.5,2.375,21,19,1,27,20,34,22,26
266,5,1.5833333333333333,1.25,2.25,3.125,2.25,21,19,1,27,20,34,22,26
266,6,1.5,1.2083333333333333,2.2916666666666665,3.5,2.25,21,19,1,27,20,34,22,26
267,0,2.75,2.2083333333333335,1.7083333333333333,1.5416666666666667,2.9583333333333335,16,23,1,12,5,23,17,15
267,1,3.0833333333333335,2.0833333333333335,1.3333333333333333,1.2916666666666667,3.0833333333333335,16,23,1,12,5,23,17,15
267,2,3.0833333333333335,1.9166666666666667,1.625,1.25,3,16,23,1,12,5,23,17,15
267,3,3,2.75,1.5,1.375,2.9375,16,23,1,12,5,23,17,15
267,4,3.3333333333333335,2.9583333333333335,1.3333333333333333,1.25,3.1666666666666665,16,23,1,12,5,23,17,15
267,5,3.7,3.1875,1.0625,1,3.3125,16,23,1,12,5,23,17,15
267,6,3.0833333333333335,2.5833333333333335,1.8,1.5,2.7083333333333335,16,23,1,12,5,23,17,15
268,0,NA,NA,NA,NA,NA,19,35,1,36,23,40,27,29
268,1,NA,NA,NA,NA,NA,19,35,1,36,23,40,27,29
268,2,NA,NA,NA,NA,NA,19,35,1,36,23,40,27,29
268,3,NA,NA,NA,NA,NA,19,35,1,36,23,40,27,29
268,4,NA,NA,NA,NA,NA,19,35,1,36,23,40,27,29
268,5,NA,NA,NA,NA,NA,19,35,1,36,23,40,27,29
268,6,NA,NA,NA,NA,NA,19,35,1,36,23,40,27,29
269,0,3.625,2.625,1.875,1.875,2.4375,15,22,1,28,29,28,32,30
269,1,3.25,2.3125,2.4375,1.5,2.5625,15,22,1,28,29,28,32,30
269,2,3.6,1.75,2.15,1.45,2.25,15,22,1,28,29,28,32,30
269,3,3.5833333333333335,2.625,1.4583333333333333,1.25,3.0833333333333335,15,22,1,28,29,28,32,30
269,4,3.8333333333333335,2.625,1.7916666666666667,1.375,3.125,15,22,1,28,29,28,32,30
269,5,4,2.8125,1.375,1.0625,3,15,22,1,28,29,28,32,30
269,6,4,3.0625,1.5625,1,2.9375,15,22,1,28,29,28,32,30
270,0,3.5833333333333335,2.75,1.0833333333333333,1,3.5416666666666665,13,22,1,32,32,38,39,37
270,1,2.625,1.5833333333333333,1.3125,1,3.25,13,22,1,32,32,38,39,37
270,2,3,2.5,1,1,3,13,22,1,32,32,38,39,37
270,3,3,2.0833333333333335,1.0833333333333333,1,3.4166666666666665,13,22,1,32,32,38,39,37
270,4,NA,NA,NA,NA,NA,13,22,1,32,32,38,39,37
270,5,2.75,2,1.75,1,2.875,13,22,1,32,32,38,39,37
270,6,3,1.75,1.5,1,3.125,13,22,1,32,32,38,39,37
271,0,2.2,1.5,1.2,1.25,3.15,19,27,0,20,30,41,29,31
271,1,1.875,1.375,1.4375,1.5625,2.6875,19,27,0,20,30,41,29,31
271,2,1.75,1.1666666666666667,1.375,1.4583333333333333,2.9166666666666665,19,27,0,20,30,41,29,31
271,3,2.4,1.65,1.15,1.05,3.05,19,27,0,20,30,41,29,31
271,4,2,1.45,1.75,1.25,2.75,19,27,0,20,30,41,29,31
271,5,2.4,1.1,1.4,1.2,3.1,19,27,0,20,30,41,29,31
271,6,1.25,1,1.875,2,3,19,27,0,20,30,41,29,31
272,0,2.125,1.6875,2.875,3.0625,2.875,23,25,0,34,21,37,34,29
272,1,1.125,1.375,3.25,3.375,1.5625,23,25,0,34,21,37,34,29
272,2,1.5,2.1666666666666665,3.0833333333333335,2.75,2.3333333333333335,23,25,0,34,21,37,34,29
272,3,1.625,1.625,2.25,2.0625,2.75,23,25,0,34,21,37,34,29
272,4,1.5,1.4,3.25,2.25,2.65,23,25,0,34,21,37,34,29
272,5,2.3333333333333335,1.75,2.25,2.25,3.3333333333333335,23,25,0,34,21,37,34,29
272,6,2.8333333333333335,1.8333333333333333,1.8333333333333333,2.1666666666666665,3,23,25,0,34,21,37,34,29
273,0,3.3333333333333335,2.9166666666666665,2,1.7083333333333333,4.083333333333333,NA,24,1,NA,NA,NA,NA,NA
273,1,3.6666666666666665,3.75,1.2916666666666667,1.1666666666666667,4,NA,24,1,NA,NA,NA,NA,NA
273,2,2.375,3,2.125,1.6875,3.3125,NA,24,1,NA,NA,NA,NA,NA
273,3,2.9,3.05,2.7,2.35,3.2,NA,24,1,NA,NA,NA,NA,NA
273,4,3.2,3.35,1.95,1.35,3.2,NA,24,1,NA,NA,NA,NA,NA
273,5,3,2.9,2.2,1.65,3.35,NA,24,1,NA,NA,NA,NA,NA
273,6,3.3,2.9,1.3,2.1,3.85,NA,24,1,NA,NA,NA,NA,NA
274,0,3.5,3.6666666666666665,1.6666666666666667,1.5833333333333333,3.3333333333333335,24,24,1,26,32,38,42,34
274,1,4.75,4.916666666666667,1,1,3.375,24,24,1,26,32,38,42,34
274,2,4.5,4.5,1.25,1,2.9166666666666665,24,24,1,26,32,38,42,34
274,3,NA,NA,NA,NA,NA,24,24,1,26,32,38,42,34
274,4,NA,NA,NA,NA,NA,24,24,1,26,32,38,42,34
274,5,NA,NA,NA,NA,NA,24,24,1,26,32,38,42,34
274,6,NA,NA,NA,NA,NA,24,24,1,26,32,38,42,34
275,0,3,2.625,1,1,2.75,27,27,1,20,29,37,37,32
275,1,2.6666666666666665,2.25,1.35,1.3333333333333333,3.125,27,27,1,20,29,37,37,32
275,2,2.8,2.35,1.3,1.2,2.9,27,27,1,20,29,37,37,32
275,3,2.875,2.1,1.375,1.4,3.1875,27,27,1,20,29,37,37,32
275,4,3.1666666666666665,2.3333333333333335,1.375,1.3333333333333333,3.4166666666666665,27,27,1,20,29,37,37,32
275,5,3.2,2.6,1.35,1.25,3.1,27,27,1,20,29,37,37,32
275,6,2.8,2.6,1.2,1.15,3.6875,27,27,1,20,29,37,37,32
276,0,3.1,2.75,1.75,1.5,3.2,16,37,1,26,33,33,43,38
276,1,2.25,2.1875,1.125,1.1875,3.0625,16,37,1,26,33,33,43,38
276,2,3.6666666666666665,3,1,1,3.5,16,37,1,26,33,33,43,38
276,3,2.4,2.55,1,1,3.15,16,37,1,26,33,33,43,38
276,4,1.5833333333333333,1.8333333333333333,1,1,3.0416666666666665,16,37,1,26,33,33,43,38
276,5,2,1.95,1.1,1,3.3,16,37,1,26,33,33,43,38
276,6,2.2,1.85,1,1.1,2.75,16,37,1,26,33,33,43,38
277,0,2.0833333333333335,2.3333333333333335,1.0833333333333333,1.4166666666666667,3.5,24,38,0,24,17,39,35,27
277,1,2.5,2.6,1.1,1.35,3,24,38,0,24,17,39,35,27
277,2,1.7,1.55,1.9,2.5,2.1,24,38,0,24,17,39,35,27
277,3,1.5,1.25,1.45,2.3,2.6,24,38,0,24,17,39,35,27
277,4,2,1.6666666666666667,1.1666666666666667,1.5833333333333333,3.5,24,38,0,24,17,39,35,27
277,5,2,1.6875,1.0625,1.0625,3.5625,24,38,0,24,17,39,35,27
277,6,2.7,2.3333333333333335,1,1.0833333333333333,3.25,24,38,0,24,17,39,35,27
278,0,2.6,2.25,1.55,2.15,3.25,23,22,0,30,26,48,29,21
278,1,2.9,2.6,1.6,1.7,3.35,23,22,0,30,26,48,29,21
278,2,3,3.25,1.3333333333333333,1.1666666666666667,3.1666666666666665,23,22,0,30,26,48,29,21
278,3,2.4,2.2,2.1,2.4,2.4,23,22,0,30,26,48,29,21
278,4,2.5,2.95,2.15,1.95,2.65,23,22,0,30,26,48,29,21
278,5,1.25,1.5,2.875,2.875,2.3333333333333335,23,22,0,30,26,48,29,21
278,6,2.75,2.6875,1.75,1.875,3.1875,23,22,0,30,26,48,29,21
279,0,2.4,2.05,1.85,2.25,3.55,15,27,NA,25,23,39,40,20
279,1,2.5,2.75,1.4,1.9,2.95,15,27,NA,25,23,39,40,20
279,2,2.0833333333333335,1.6666666666666667,2.6666666666666665,2.4583333333333335,2.375,15,27,NA,25,23,39,40,20
279,3,2.5,2.1875,1.5625,2.3125,3.0625,15,27,NA,25,23,39,40,20
279,4,2.9166666666666665,2.75,1.3333333333333333,1.625,3.2916666666666665,15,27,NA,25,23,39,40,20
279,5,3,2.375,1.4375,1.625,3.3125,15,27,NA,25,23,39,40,20
279,6,3,2.625,1.125,1.375,3.875,15,27,NA,25,23,39,40,20
280,0,2.875,3.0625,1.0625,1.125,3.875,24,21,1,27,15,41,38,30
280,1,2,2.0625,1.25,1,3.6875,24,21,1,27,15,41,38,30
280,2,2.25,2.625,2.875,1.25,2.25,24,21,1,27,15,41,38,30
280,3,2.625,2.5,1.0625,1.125,3.0625,24,21,1,27,15,41,38,30
280,4,2,1.7916666666666667,1.125,1,3.25,24,21,1,27,15,41,38,30
280,5,1.875,1.5625,1.125,1.0625,3,24,21,1,27,15,41,38,30
280,6,2.2,1.9,1.75,1.1,3,24,21,1,27,15,41,38,30
281,0,2.3,2.55,1.5,1.45,3.05,18,56,0,21,21,44,33,37
281,1,2.6666666666666665,2.7916666666666665,1.125,1.3333333333333333,3.7916666666666665,18,56,0,21,21,44,33,37
281,2,2.2,2.55,1.5,1.5,3.5,18,56,0,21,21,44,33,37
281,3,2.4,2.5,2,2,3.25,18,56,0,21,21,44,33,37
281,4,3.5833333333333335,2.9166666666666665,1.4583333333333333,1.5833333333333333,3.6666666666666665,18,56,0,21,21,44,33,37
281,5,3.625,3.1875,1.3125,1.6875,3.875,18,56,0,21,21,44,33,37
281,6,2.75,2.625,1.0625,1.125,3.6875,18,56,0,21,21,44,33,37
282,0,NA,NA,NA,NA,NA,21,45,0,25,23,37,26,27
282,1,NA,NA,NA,NA,NA,21,45,0,25,23,37,26,27
282,2,NA,NA,NA,NA,NA,21,45,0,25,23,37,26,27
282,3,NA,NA,NA,NA,NA,21,45,0,25,23,37,26,27
282,4,NA,NA,NA,NA,NA,21,45,0,25,23,37,26,27
282,5,NA,NA,NA,NA,NA,21,45,0,25,23,37,26,27
282,6,NA,NA,NA,NA,NA,21,45,0,25,23,37,26,27
283,0,4.333333333333333,2.6666666666666665,1.125,1.0833333333333333,3.625,22,22,1,20,23,28,41,31
283,1,4,3.15,1.15,1.05,3.8333333333333335,22,22,1,20,23,28,41,31
283,2,4.083333333333333,3.3333333333333335,1.1666666666666667,1.1666666666666667,3.5833333333333335,22,22,1,20,23,28,41,31
283,3,3.8333333333333335,3.5833333333333335,1,1.0833333333333333,3.625,22,22,1,20,23,28,41,31
283,4,3.8333333333333335,3.125,1.0416666666666667,1.125,3.5,22,22,1,20,23,28,41,31
283,5,3.9166666666666665,3.7916666666666665,1,1.0833333333333333,4.166666666666667,22,22,1,20,23,28,41,31
283,6,4.166666666666667,3.25,1,1,4,22,22,1,20,23,28,41,31
284,0,4.25,4.083333333333333,1.3333333333333333,1.1666666666666667,4.25,24,23,1,15,12,22,15,16
284,1,4.333333333333333,3.75,1.6666666666666667,1.0416666666666667,3.9583333333333335,24,23,1,15,12,22,15,16
284,2,4.333333333333333,4.5625,1.7,1.1666666666666667,4.069444444444445,24,23,1,15,12,22,15,16
284,3,4,3.7083333333333335,1.875,1.25,3.5833333333333335,24,23,1,15,12,22,15,16
284,4,3.5833333333333335,2.6,2.7083333333333335,1.65,3.0416666666666665,24,23,1,15,12,22,15,16
284,5,3.4166666666666665,3.0416666666666665,2.5,1.8333333333333333,2.9166666666666665,24,23,1,15,12,22,15,16
284,6,3.3333333333333335,2.9583333333333335,2.2916666666666665,1.8333333333333333,3.2083333333333335,24,23,1,15,12,22,15,16
286,0,4.75,2.8125,1.5833333333333333,1.3125,2.75,18,19,0,25,24,38,30,27
286,1,2.5,2.25,1.625,1,3,18,19,0,25,24,38,30,27
286,2,3.125,2.9375,1,1,2.8958333333333335,18,19,0,25,24,38,30,27
286,3,2,2.25,1,1,3.25,18,19,0,25,24,38,30,27
286,4,1,3,NA,1,3,18,19,0,25,24,38,30,27
286,5,3,3.5,1,1,4,18,19,0,25,24,38,30,27
286,6,4,2.375,1.875,1,2.5,18,19,0,25,24,38,30,27
287,0,3.5,3,1.1666666666666667,1.375,3.2083333333333335,24,46,1,21,33,27,36,36
287,1,3.25,2.9583333333333335,1.2083333333333333,1.4166666666666667,3.1666666666666665,24,46,1,21,33,27,36,36
287,2,3.9166666666666665,3.7083333333333335,1.1666666666666667,1,3.4166666666666665,24,46,1,21,33,27,36,36
287,3,3.4166666666666665,3.0833333333333335,1.125,1.2916666666666667,3.0833333333333335,24,46,1,21,33,27,36,36
287,4,3.5833333333333335,2.75,1.2083333333333333,1.2083333333333333,3.0416666666666665,24,46,1,21,33,27,36,36
287,5,3.875,3.3125,2,1.75,2.5625,24,46,1,21,33,27,36,36
287,6,3.5,2.6666666666666665,1.2916666666666667,1,3.125,24,46,1,21,33,27,36,36
288,0,4,2.9166666666666665,1.0833333333333333,1,3.5833333333333335,19,42,0,13,23,35,41,36
288,1,4,3.25,1.0416666666666667,1,3.5,19,42,0,13,23,35,41,36
288,2,4,3.05,1,1,3.7,19,42,0,13,23,35,41,36
288,3,3.9166666666666665,3.1666666666666665,1,1,3.75,19,42,0,13,23,35,41,36
288,4,3.9166666666666665,3.125,1,1,3.6666666666666665,19,42,0,13,23,35,41,36
288,5,3.9166666666666665,3.25,1.0416666666666667,1,3.7083333333333335,19,42,0,13,23,35,41,36
288,6,4.125,3.1875,1.25,1,3.75,19,42,0,13,23,35,41,36
289,0,3.4166666666666665,2.7916666666666665,1.7916666666666667,1.5833333333333333,2.8333333333333335,18,62,0,23,19,36,39,29
289,1,3.6,2.95,1.4,1.3,3,18,62,0,23,19,36,39,29
289,2,3.5,2.7916666666666665,1.125,1.2916666666666667,3.0416666666666665,18,62,0,23,19,36,39,29
289,3,3.4,2.7,1,1.05,3.05,18,62,0,23,19,36,39,29
289,4,3.4166666666666665,2.75,1,1,2.8333333333333335,18,62,0,23,19,36,39,29
289,5,3.3,2.65,1,1.2,2.8,18,62,0,23,19,36,39,29
289,6,3.4166666666666665,2.9166666666666665,1.0833333333333333,1.2083333333333333,3.0416666666666665,18,62,0,23,19,36,39,29
290,0,3.1666666666666665,2.8333333333333335,1.625,1.5833333333333333,3.9027777777777777,21,23,1,31,17,30,38,28
290,1,3,2.125,2.625,2.4166666666666665,2.7083333333333335,21,23,1,31,17,30,38,28
290,2,3,2.8333333333333335,1.75,1.4583333333333333,3.3333333333333335,21,23,1,31,17,30,38,28
290,3,3.25,2.375,1.9583333333333333,1.5,3.2083333333333335,21,23,1,31,17,30,38,28
290,4,3.1666666666666665,2.7083333333333335,2.125,1.75,2.8333333333333335,21,23,1,31,17,30,38,28
290,5,3.3,3.75,1.8,1.05,3.4,21,23,1,31,17,30,38,28
290,6,2.8333333333333335,2.2916666666666665,2.7083333333333335,1.875,2.7916666666666665,21,23,1,31,17,30,38,28
291,0,2.9,2.6,2.25,1.75,3.15,29,22,1,20,18,46,37,43
291,1,3.0833333333333335,2.8333333333333335,1.3333333333333333,1.1666666666666667,3.2083333333333335,29,22,1,20,18,46,37,43
291,2,3.8333333333333335,3,1.0833333333333333,1,3.4583333333333335,29,22,1,20,18,46,37,43
291,3,3.5,2.75,1.4,1.2,2.5,29,22,1,20,18,46,37,43
291,4,3.75,2.75,1.4583333333333333,1,3.375,29,22,1,20,18,46,37,43
291,5,3.5,2.6666666666666665,1.625,1.0416666666666667,3.3333333333333335,29,22,1,20,18,46,37,43
291,6,3.9,2.55,1.3,1.1,3.4,29,22,1,20,18,46,37,43
292,0,2.5,3.875,1,1.1875,3.2916666666666665,21,25,1,27,30,37,29,38
292,1,1.4,1.5416666666666667,1.4583333333333333,1.125,3.0833333333333335,21,25,1,27,30,37,29,38
292,2,1,1,1.5,1.375,4.125,21,25,1,27,30,37,29,38
292,3,NA,NA,NA,NA,NA,21,25,1,27,30,37,29,38
292,4,1.75,1.25,1.375,1.625,3.25,21,25,1,27,30,37,29,38
292,5,3,1.75,1.3333333333333333,1.5,3,21,25,1,27,30,37,29,38
292,6,2,1.5,2,1.5,2.3333333333333335,21,25,1,27,30,37,29,38
296,0,NA,NA,NA,NA,NA,24,45,0,10,37,50,38,45
296,1,NA,NA,NA,NA,NA,24,45,0,10,37,50,38,45
296,2,NA,NA,NA,NA,NA,24,45,0,10,37,50,38,45
296,3,NA,NA,NA,NA,NA,24,45,0,10,37,50,38,45
296,4,NA,NA,NA,NA,NA,24,45,0,10,37,50,38,45
296,5,NA,NA,NA,NA,NA,24,45,0,10,37,50,38,45
296,6,NA,NA,NA,NA,NA,24,45,0,10,37,50,38,45
297,0,3.4,2.65,1.85,1.05,3.25,26,27,1,25,24,37,43,36
297,1,3.9166666666666665,3.4583333333333335,1.2083333333333333,1.0416666666666667,3.875,26,27,1,25,24,37,43,36
297,2,3.5,2.85,1.4,1.05,3.3,26,27,1,25,24,37,43,36
297,3,3.5833333333333335,3.3333333333333335,1,1,3.9166666666666665,26,27,1,25,24,37,43,36
297,4,4,3.55,1.25,1,3.7,26,27,1,25,24,37,43,36
297,5,3.25,3.0416666666666665,1.4166666666666667,1.05,3.1666666666666665,26,27,1,25,24,37,43,36
297,6,3.5,3.35,1.15,1,3.7,26,27,1,25,24,37,43,36
298,0,4,3.05,1.75,1.4,3.1,14,18,1,31,30,39,30,31
298,1,4.3,3.35,1.2,1.15,3.4,14,18,1,31,30,39,30,31
298,2,3,2.5,2.15,1.3,2.9,14,18,1,31,30,39,30,31
298,3,2.5833333333333335,1.8333333333333333,1.4583333333333333,1.1666666666666667,3.0416666666666665,14,18,1,31,30,39,30,31
298,4,1.75,1.6666666666666667,1.7,1.2916666666666667,2.7916666666666665,14,18,1,31,30,39,30,31
298,5,2.6,2.25,1.5,1.15,3.2666666666666666,14,18,1,31,30,39,30,31
298,6,3,2.4,1.4375,1.15,3.25,14,18,1,31,30,39,30,31
299,0,2.75,2,1.7916666666666667,1.875,2.9166666666666665,19,18,NA,34,29,34,39,38
299,1,1.75,1.4375,1.6875,1.625,2.875,19,18,NA,34,29,34,39,38
299,2,1.8333333333333333,1.2083333333333333,2.2083333333333335,2.1666666666666665,2.5,19,18,NA,34,29,34,39,38
299,3,2,1.25,2.3333333333333335,2.5,2.5,19,18,NA,34,29,34,39,38
299,4,1.7,1.35,2.4,2.3,2.7,19,18,NA,34,29,34,39,38
299,5,2.125,1.8333333333333333,2,2.125,3.8125,19,18,NA,34,29,34,39,38
299,6,2.1,1.125,2.5,2.65,3.1,19,18,NA,34,29,34,39,38
301,0,2.4,1.8,1.95,1.75,3.55,21,24,1,11,4,16,14,19
301,1,2.3333333333333335,1.75,2.1666666666666665,1.5833333333333333,3.5833333333333335,21,24,1,11,4,16,14,19
301,2,1.5,1.625,1.25,1.625,3.375,21,24,1,11,4,16,14,19
301,3,2.5,1,2,1.5,2,21,24,1,11,4,16,14,19
301,4,1,1.1875,3,3.125,2.5833333333333335,21,24,1,11,4,16,14,19
301,5,1.625,2.4166666666666665,2.1666666666666665,2,3.4583333333333335,21,24,1,11,4,16,14,19
301,6,1.9,1.3125,1.85,1.45,3.15,21,24,1,11,4,16,14,19
302,0,3.4166666666666665,3.625,1.4583333333333333,1.4166666666666667,3.3333333333333335,25,53,0,22,24,34,42,37
302,1,2.6,2.8,1.45,1.55,2.8,25,53,0,22,24,34,42,37
302,2,2.4,2.45,1.5,1.55,3.2,25,53,0,22,24,34,42,37
302,3,2.25,2.5,1.5416666666666667,1.625,2.9583333333333335,25,53,0,22,24,34,42,37
302,4,2.2,2.25,1.45,1.55,2.95,25,53,0,22,24,34,42,37
302,5,2.0833333333333335,2.25,1.5833333333333333,2,3.0416666666666665,25,53,0,22,24,34,42,37
302,6,2.0833333333333335,2.375,1.5,1.9583333333333333,2.9166666666666665,25,53,0,22,24,34,42,37
303,0,1.25,1,3.875,4.3125,1.9375,21,21,1,24,14,34,30,31
303,1,2.25,2.1666666666666665,2.25,2.9583333333333335,2.3333333333333335,21,21,1,24,14,34,30,31
303,2,1.8333333333333333,1.75,1.4166666666666667,1.6666666666666667,2.6666666666666665,21,21,1,24,14,34,30,31
303,3,1.9,1.4,1.15,1.2,2.8,21,21,1,24,14,34,30,31
303,4,1.7,1.4,1.4,1.25,2.8,21,21,1,24,14,34,30,31
303,5,1.5,1.4,1.5,1.4,2.55,21,21,1,24,14,34,30,31
303,6,NA,NA,NA,NA,NA,21,21,1,24,14,34,30,31
304,0,3.4166666666666665,3.125,1.5416666666666667,1.25,3.7083333333333335,16,24,1,26,26,33,34,37
304,1,2.5,2.25,1.6,1.4,3.05,16,24,1,26,26,33,34,37
304,2,3.125,4.0625,1.0625,1,3.6875,16,24,1,26,26,33,34,37
304,3,2.3,2.3,1.95,1.4375,2.9,16,24,1,26,26,33,34,37
304,4,2.5833333333333335,3.3,1.6,1.5,3.2916666666666665,16,24,1,26,26,33,34,37
304,5,3.1,2.3125,1.75,1.45,3.2,16,24,1,26,26,33,34,37
304,6,3.3,3.1,1.3125,1.15,3.6,16,24,1,26,26,33,34,37
305,0,2.25,1.5833333333333333,1.9166666666666667,1.8333333333333333,3.2916666666666665,21,24,0,30,18,44,41,33
305,1,1.6666666666666667,1.25,2,2.0833333333333335,2.9166666666666665,21,24,0,30,18,44,41,33
305,2,2.1666666666666665,1.9166666666666667,1.3333333333333333,1.125,3.375,21,24,0,30,18,44,41,33
305,3,2.2,2.35,1.1,1,3.55,21,24,0,30,18,44,41,33
305,4,1.5,1.25,1.7,1.6,2.8,21,24,0,30,18,44,41,33
305,5,1.5,1.4375,1.5,1.125,3.0625,21,24,0,30,18,44,41,33
305,6,NA,NA,NA,NA,NA,21,24,0,30,18,44,41,33
306,0,3.6,3.15,1.3125,1,3.8,28,21,0,9,40,33,37,39
306,1,2.9,2.7,1,1.05,2.6666666666666665,28,21,0,9,40,33,37,39
306,2,2.8,2.9,1,1,2.5166666666666666,28,21,0,9,40,33,37,39
306,3,3.2,3.1,1.0625,1,3.6333333333333333,28,21,0,9,40,33,37,39
306,4,3,3.1,1,1,3.3,28,21,0,9,40,33,37,39
306,5,3,3.0833333333333335,1,1.3125,4,28,21,0,9,40,33,37,39
306,6,2.8,2.7,1.1,1,3.2333333333333334,28,21,0,9,40,33,37,39
307,0,3.3333333333333335,2.8333333333333335,1.8333333333333333,1.5833333333333333,3.1666666666666665,21,46,0,23,25,31,31,33
307,1,NA,NA,NA,NA,NA,21,46,0,23,25,31,31,33
307,2,NA,NA,NA,NA,NA,21,46,0,23,25,31,31,33
307,3,NA,NA,NA,NA,NA,21,46,0,23,25,31,31,33
307,4,NA,NA,NA,NA,NA,21,46,0,23,25,31,31,33
307,5,NA,NA,NA,NA,NA,21,46,0,23,25,31,31,33
307,6,NA,NA,NA,NA,NA,21,46,0,23,25,31,31,33
308,0,2.6,2.1,1.6,1.65,2.05,13,27,1,30,33,37,33,30
308,1,1.5,1.45,1.4,1.85,2.2,13,27,1,30,33,37,33,30
308,2,1.625,1.5625,2.125,1.75,2.125,13,27,1,30,33,37,33,30
308,3,2.8333333333333335,3.3333333333333335,1.2916666666666667,1.5833333333333333,2.125,13,27,1,30,33,37,33,30
308,4,2.5,2.375,1.9375,1.8125,1.875,13,27,1,30,33,37,33,30
308,5,2.1,1.65,1.6,1.9,1.65,13,27,1,30,33,37,33,30
308,6,2.0833333333333335,1.5,1.2916666666666667,1.625,2.2916666666666665,13,27,1,30,33,37,33,30
309,0,3,2.5,2.6666666666666665,3.375,2.875,25,23,1,36,25,45,40,29
309,1,3.3333333333333335,3.375,2.8333333333333335,2.4583333333333335,3.2083333333333335,25,23,1,36,25,45,40,29
309,2,4.2,3.7,2.85,3,3.25,25,23,1,36,25,45,40,29
309,3,4.6,3.95,1.65,1.85,3.6,25,23,1,36,25,45,40,29
309,4,4.75,4.416666666666667,1.6666666666666667,1.5833333333333333,3.3333333333333335,25,23,1,36,25,45,40,29
309,5,5,3.4166666666666665,2.0833333333333335,2.25,3,25,23,1,36,25,45,40,29
309,6,5,3.5,2.4583333333333335,2.3333333333333335,3.0416666666666665,25,23,1,36,25,45,40,29
310,0,2.3333333333333335,2.0416666666666665,2.0416666666666665,1.9166666666666667,3.1666666666666665,14,25,0,32,33,44,21,27
310,1,3,2.4166666666666665,1.5833333333333333,1.375,3.7083333333333335,14,25,0,32,33,44,21,27
310,2,3,2.7916666666666665,1.25,1.0833333333333333,3.9166666666666665,14,25,0,32,33,44,21,27
310,3,2.125,2.0625,1.5625,1.8125,3.625,14,25,0,32,33,44,21,27
310,4,2.3333333333333335,1.7916666666666667,2.7916666666666665,2.25,2.5416666666666665,14,25,0,32,33,44,21,27
310,5,1.375,1.1875,2.1875,2.1875,3.375,14,25,0,32,33,44,21,27
310,6,2.9166666666666665,2.25,1.5,1.4583333333333333,3.25,14,25,0,32,33,44,21,27
312,0,3.25,2.4375,1.5625,1.125,4.1875,19,22,1,24,22,32,39,39
312,1,3.75,2.8333333333333335,1.1666666666666667,1.1,4.75,19,22,1,24,22,32,39,39
312,2,3.375,2.6875,1.5625,1.25,4.125,19,22,1,24,22,32,39,39
312,3,2.375,1.9375,2.3125,1.4375,3.375,19,22,1,24,22,32,39,39
312,4,3.5,2.9583333333333335,1.3333333333333333,1.35,4.25,19,22,1,24,22,32,39,39
312,5,3.5,2.4583333333333335,1.375,1.25,3.9305555555555554,19,22,1,24,22,32,39,39
312,6,3.9,3.35,1.1875,1.05,4.6,19,22,1,24,22,32,39,39
313,0,2.5,2.5,1.3125,1.8125,3.25,28,22,1,27,22,35,37,33
313,1,2.3333333333333335,2.5,1.5,1.8333333333333333,3.25,28,22,1,27,22,35,37,33
313,2,2.125,1.4375,1.8125,2.25,2.8,28,22,1,27,22,35,37,33
313,3,2,1.75,2.5,1.75,3.75,28,22,1,27,22,35,37,33
313,4,1.8333333333333333,1.6666666666666667,2.1666666666666665,1.9166666666666667,2.75,28,22,1,27,22,35,37,33
313,5,1.9,1.8,2.45,2.4,2.7,28,22,1,27,22,35,37,33
313,6,2,1.875,2.375,2.75,2.8333333333333335,28,22,1,27,22,35,37,33
314,0,3.25,3.2916666666666665,1.625,1.2916666666666667,3.2083333333333335,16,23,1,26,25,33,32,38
314,1,3.4166666666666665,3.0416666666666665,2,1.3333333333333333,3.125,16,23,1,26,25,33,32,38
314,2,3.4166666666666665,3.2083333333333335,1.75,1.2916666666666667,3.2916666666666665,16,23,1,26,25,33,32,38
314,3,2.9166666666666665,2.75,2.3333333333333335,1.6666666666666667,2.875,16,23,1,26,25,33,32,38
314,4,2.7,2.25,2.45,1.8,2.4,16,23,1,26,25,33,32,38
314,5,2.9166666666666665,2.2916666666666665,2.5833333333333335,1.7916666666666667,2.6666666666666665,16,23,1,26,25,33,32,38
314,6,3.0833333333333335,2.125,2.4166666666666665,1.5,3.0833333333333335,16,23,1,26,25,33,32,38
317,0,1.1,1.15,4.7,4.4,1.2666666666666666,21,20,0,34,23,31,34,29
317,1,1.3333333333333333,1.7,4.65,4.75,1.2916666666666667,21,20,0,34,23,31,34,29
317,2,1.9,2,4.125,4.291666666666667,1.4583333333333333,21,20,0,34,23,31,34,29
317,3,1.75,1.5,3.7916666666666665,3.9583333333333335,1.5833333333333333,21,20,0,34,23,31,34,29
317,4,1.75,1.3,4.3,4.5,1.25,21,20,0,34,23,31,34,29
317,5,1.5,1,4.25,4.875,1.2083333333333333,21,20,0,34,23,31,34,29
317,6,1.625,1,4.5,4.875,1.1875,21,20,0,34,23,31,34,29
318,0,2.8333333333333335,2.9166666666666665,1.625,1.7083333333333333,2.9166666666666665,17,20,1,NA,NA,NA,NA,NA
318,1,2.7,2.7083333333333335,1.7916666666666667,1.875,2.7777777777777777,17,20,1,NA,NA,NA,NA,NA
318,2,2.5,3.4,1.55,1.1,2.9,17,20,1,NA,NA,NA,NA,NA
318,3,3.1,3.4,1.9,1.1,2.7,17,20,1,NA,NA,NA,NA,NA
318,4,2.9,3.1,1.95,1.65,3.3,17,20,1,NA,NA,NA,NA,NA
318,5,2.5,3.6666666666666665,2.5,1.5833333333333333,2.7777777777777777,17,20,1,NA,NA,NA,NA,NA
318,6,2.3333333333333335,2.5833333333333335,2.1666666666666665,1,2.8541666666666665,17,20,1,NA,NA,NA,NA,NA
319,0,2,1.8,1.7,1.75,2.85,17,21,1,24,20,33,31,34
319,1,1.6666666666666667,1.4166666666666667,1.6666666666666667,1.9166666666666667,2.5,17,21,1,24,20,33,31,34
319,2,1.875,1.875,1.5,1.8125,2.8125,17,21,1,24,20,33,31,34
319,3,1.7,1.45,2,2.65,2.5,17,21,1,24,20,33,31,34
319,4,1.75,1.375,1.875,1.75,2.875,17,21,1,24,20,33,31,34
319,5,2,1.5,1,1,3,17,21,1,24,20,33,31,34
319,6,2.1666666666666665,2.0833333333333335,1.5,1.1666666666666667,2.25,17,21,1,24,20,33,31,34
320,0,2.1,1.85,2.25,1.6,2.7,19,20,1,28,36,42,30,28
320,1,3.3,2.9,1.15,1.05,3.85,19,20,1,28,36,42,30,28
320,2,3.3,3.35,1.05,1,3.4,19,20,1,28,36,42,30,28
320,3,3.8333333333333335,3.4166666666666665,1.0833333333333333,1.05,3.5,19,20,1,28,36,42,30,28
320,4,3.1,2.45,1.25,1.25,3.1,19,20,1,28,36,42,30,28
320,5,NA,NA,NA,NA,NA,19,20,1,28,36,42,30,28
320,6,2,2.5,2,1.5,3.25,19,20,1,28,36,42,30,28
321,0,NA,NA,NA,NA,NA,20,25,1,25,24,37,34,27
321,1,NA,NA,NA,NA,NA,20,25,1,25,24,37,34,27
321,2,NA,NA,NA,NA,NA,20,25,1,25,24,37,34,27
321,3,NA,NA,NA,NA,NA,20,25,1,25,24,37,34,27
321,4,NA,NA,NA,NA,NA,20,25,1,25,24,37,34,27
321,5,NA,NA,NA,NA,NA,20,25,1,25,24,37,34,27
321,6,NA,NA,NA,NA,NA,20,25,1,25,24,37,34,27
322,0,3.75,3.4375,1.125,1.0625,4.1875,18,41,0,18,23,36,40,34
322,1,3.1,1.9,1.05,1.35,4.15,18,41,0,18,23,36,40,34
322,2,3,1.5625,1.125,1.375,4.25,18,41,0,18,23,36,40,34
322,3,3,2.0416666666666665,1.1666666666666667,1.2083333333333333,4,18,41,0,18,23,36,40,34
322,4,2.6,1.4,1.4,1.35,3.85,18,41,0,18,23,36,40,34
322,5,3,1.875,1,1.375,3.625,18,41,0,18,23,36,40,34
322,6,2.875,2.0625,1.3125,1.25,3.5,18,41,0,18,23,36,40,34
323,0,2.3333333333333335,2.2083333333333335,1.2916666666666667,1.5416666666666667,3.2083333333333335,20,24,1,29,24,33,36,37
323,1,2.2,2.25,1.45,1.2,3.2,20,24,1,29,24,33,36,37
323,2,1.6666666666666667,1.8333333333333333,1.6666666666666667,1.5833333333333333,3.3333333333333335,20,24,1,29,24,33,36,37
323,3,2.125,2,1.25,1.5,3.125,20,24,1,29,24,33,36,37
323,4,2,1.6875,1.3125,1.3125,3.3125,20,24,1,29,24,33,36,37
323,5,2,1.5625,1.4375,1.25,3.125,20,24,1,29,24,33,36,37
323,6,1.9166666666666667,1.4,1.6,1.55,2.8,20,24,1,29,24,33,36,37
324,0,3.375,2.5625,3.375,2.9375,2.25,20,18,0,32,21,28,29,22
324,1,2.5,2.25,3.4,3.15,2.45,20,18,0,32,21,28,29,22
324,2,2.1,1.9,3.7,3.15,1.6,20,18,0,32,21,28,29,22
324,3,3.6,2.95,2.85,2.15,3.1,20,18,0,32,21,28,29,22
324,4,3.1666666666666665,2.6666666666666665,2.4166666666666665,2.4166666666666665,2.8333333333333335,20,18,0,32,21,28,29,22
324,5,4,3,2,1.5,4.25,20,18,0,32,21,28,29,22
324,6,NA,NA,NA,NA,NA,20,18,0,32,21,28,29,22
325,0,2.5833333333333335,2.25,1.6666666666666667,1.9166666666666667,3.2083333333333335,21,51,1,23,26,35,35,35
325,1,NA,NA,NA,NA,NA,21,51,1,23,26,35,35,35
325,2,3,3.25,1.5833333333333333,1.5,3.1666666666666665,21,51,1,23,26,35,35,35
325,3,2.3,2.45,2,1.75,3.15,21,51,1,23,26,35,35,35
325,4,3.0833333333333335,2.625,1.25,1.4583333333333333,3,21,51,1,23,26,35,35,35
325,5,2.8333333333333335,2.5,1.375,1.3333333333333333,3.0416666666666665,21,51,1,23,26,35,35,35
325,6,2.3333333333333335,2.4583333333333335,2.2083333333333335,1.9166666666666667,3.0416666666666665,21,51,1,23,26,35,35,35
326,0,2.5,2.125,2.375,3,3.0416666666666665,24,36,0,21,25,35,37,29
326,1,1.875,1.5625,1.8125,2.75,3.4375,24,36,0,21,25,35,37,29
326,2,1.3,1.2,2.1,2.65,3.05,24,36,0,21,25,35,37,29
326,3,1.5,1.4166666666666667,2.1666666666666665,2.8333333333333335,3.4166666666666665,24,36,0,21,25,35,37,29
326,4,2.1666666666666665,1.6666666666666667,1.6666666666666667,2.1666666666666665,3.6666666666666665,24,36,0,21,25,35,37,29
326,5,1.625,1.5625,1.875,2.4375,3.1875,24,36,0,21,25,35,37,29
326,6,1.3333333333333333,1.25,2,3.25,2.8333333333333335,24,36,0,21,25,35,37,29
327,0,2.8333333333333335,2.7916666666666665,2.0833333333333335,2.6666666666666665,2.9583333333333335,NA,51,0,34,29,27,30,26
327,1,3.4166666666666665,3.3333333333333335,1.625,2.125,3.5416666666666665,NA,51,0,34,29,27,30,26
327,2,3.6666666666666665,3.5,1.6666666666666667,1.7916666666666667,3.7916666666666665,NA,51,0,34,29,27,30,26
327,3,3.3333333333333335,3.2916666666666665,1.0833333333333333,1.4166666666666667,3.875,NA,51,0,34,29,27,30,26
327,4,3.25,3.25,1.0416666666666667,1.25,3.8333333333333335,NA,51,0,34,29,27,30,26
327,5,3.2,3.35,1.25,1.1,3.7,NA,51,0,34,29,27,30,26
327,6,2.8,2.95,1.25,1.45,3,NA,51,0,34,29,27,30,26
328,0,2.6666666666666665,2,2.375,2.5,3.125,NA,48,1,NA,NA,NA,NA,NA
328,1,1.9166666666666667,1.5833333333333333,1.25,1.875,3.625,NA,48,1,NA,NA,NA,NA,NA
328,2,2.4,1.8,1.35,1.9,3.75,NA,48,1,NA,NA,NA,NA,NA
328,3,2.1,1.8,1.4,2.05,3.6,NA,48,1,NA,NA,NA,NA,NA
328,4,2.5,2.1,1.25,1.6,3.65,NA,48,1,NA,NA,NA,NA,NA
328,5,2.4166666666666665,1.75,1.1666666666666667,2.1666666666666665,3.6666666666666665,NA,48,1,NA,NA,NA,NA,NA
328,6,2.5,2.1875,1.3125,1.75,3.375,NA,48,1,NA,NA,NA,NA,NA
330,0,3.5,3.3333333333333335,1,1.0833333333333333,3.75,20,20,1,27,24,39,37,34
330,1,3,2.05,2.35,2.2,2.6,20,20,1,27,24,39,37,34
330,2,3.75,2.5833333333333335,2.0416666666666665,1.45,3.2083333333333335,20,20,1,27,24,39,37,34
330,3,3,2,2.75,1.4166666666666667,2.0833333333333335,20,20,1,27,24,39,37,34
330,4,3.1666666666666665,3.25,1.25,1.25,3.3333333333333335,20,20,1,27,24,39,37,34
330,5,2.9166666666666665,2.4583333333333335,1.0416666666666667,1.1666666666666667,3.3333333333333335,20,20,1,27,24,39,37,34
330,6,2,1.7,3.15,2.25,2,20,20,1,27,24,39,37,34
331,0,4.1,4,1.15,1.35,3.6,NA,65,1,16,26,41,36,36
331,1,4.25,4.25,1.4583333333333333,1.1666666666666667,3.25,NA,65,1,16,26,41,36,36
331,2,4.166666666666667,4.041666666666667,1.4166666666666667,1.2083333333333333,3.2083333333333335,NA,65,1,16,26,41,36,36
331,3,4,4,1.7083333333333333,1.4166666666666667,3.4583333333333335,NA,65,1,16,26,41,36,36
331,4,3.6666666666666665,3.5,1.3333333333333333,1.0416666666666667,3.4166666666666665,NA,65,1,16,26,41,36,36
331,5,4,3.9583333333333335,1.5,1,3.5,NA,65,1,16,26,41,36,36
331,6,4.166666666666667,4.208333333333333,1.7916666666666667,1.2083333333333333,3.3333333333333335,NA,65,1,16,26,41,36,36
333,0,3.3,2.6,1.35,1.7,3,14,54,1,NA,NA,NA,NA,NA
333,1,3.375,2.6875,1.5625,1.875,3.125,14,54,1,NA,NA,NA,NA,NA
333,2,2.5,2.25,1.7,2.15,3.15,14,54,1,NA,NA,NA,NA,NA
333,3,2.9166666666666665,2,1.6666666666666667,2.0416666666666665,3,14,54,1,NA,NA,NA,NA,NA
333,4,3.3,2.75,1.55,1.5,3,14,54,1,NA,NA,NA,NA,NA
333,5,2.6666666666666665,2.0833333333333335,1.5833333333333333,1.75,3.0416666666666665,14,54,1,NA,NA,NA,NA,NA
333,6,3.0833333333333335,2.7916666666666665,1.2083333333333333,1.0416666666666667,2.9166666666666665,14,54,1,NA,NA,NA,NA,NA
334,0,2,2,2.8125,3.375,1.625,10,33,1,25,35,47,28,39
334,1,3,2.125,3.125,3.625,2.25,10,33,1,25,35,47,28,39
334,2,NA,NA,NA,NA,NA,10,33,1,25,35,47,28,39
334,3,NA,NA,NA,NA,NA,10,33,1,25,35,47,28,39
334,4,NA,NA,NA,NA,NA,10,33,1,25,35,47,28,39
334,5,NA,NA,NA,NA,NA,10,33,1,25,35,47,28,39
334,6,NA,NA,NA,NA,NA,10,33,1,25,35,47,28,39
335,0,4.416666666666667,3.4583333333333335,1.8333333333333333,1.7916666666666667,2.7916666666666665,22,28,1,30,30,37,40,24
335,1,4.25,2.5,2.0833333333333335,1.5833333333333333,2.7916666666666665,22,28,1,30,30,37,40,24
335,2,4,2.6,1.7,1.5,3.3,22,28,1,30,30,37,40,24
335,3,4.416666666666667,3.6666666666666665,1.1666666666666667,1.0833333333333333,4.041666666666667,22,28,1,30,30,37,40,24
335,4,4.166666666666667,3,1.5,1.0416666666666667,4.125,22,28,1,30,30,37,40,24
335,5,3.9,2.8125,1.375,1.2,3.9375,22,28,1,30,30,37,40,24
335,6,3.4,2.3,2.35,1.9,3,22,28,1,30,30,37,40,24
336,0,2,1.7083333333333333,1,1.1666666666666667,3.125,22,19,1,16,17,27,33,34
336,1,1.9166666666666667,1.5,1,1.0833333333333333,3.0416666666666665,22,19,1,16,17,27,33,34
336,2,2.3333333333333335,1.9166666666666667,1,1.0416666666666667,3.111111111111111,22,19,1,16,17,27,33,34
336,3,1.75,1.5416666666666667,1,1.2083333333333333,3.0833333333333335,22,19,1,16,17,27,33,34
336,4,2.25,1.5833333333333333,1,1.0833333333333333,3.0833333333333335,22,19,1,16,17,27,33,34
336,5,1.9166666666666667,1.2916666666666667,1.125,1.125,3.375,22,19,1,16,17,27,33,34
336,6,2.0833333333333335,1.6,1,1.0833333333333333,3.0972222222222223,22,19,1,16,17,27,33,34
337,0,4.1,3.45,1.5,1.3,3.15,21,30,1,18,35,35,42,42
337,1,3.6666666666666665,2.75,2.1666666666666665,1.5833333333333333,2.1666666666666665,21,30,1,18,35,35,42,42
337,2,3.75,3.0625,1,1.1875,3.5625,21,30,1,18,35,35,42,42
337,3,3,2.4375,1.625,1.5625,2.9166666666666665,21,30,1,18,35,35,42,42
337,4,3.5,2.5,1,1.25,3,21,30,1,18,35,35,42,42
337,5,3.75,3.1666666666666665,1.1666666666666667,1.1666666666666667,3.4166666666666665,21,30,1,18,35,35,42,42
337,6,3.25,3,1.375,1.5,3.5,21,30,1,18,35,35,42,42
338,0,4.666666666666667,3.375,1.375,1.2083333333333333,3.125,23,57,0,22,25,48,35,44
338,1,4.9,2.65,1.8,1.2,3.2,23,57,0,22,25,48,35,44
338,2,4.416666666666667,2.4166666666666665,2.375,1.375,2.875,23,57,0,22,25,48,35,44
338,3,4.333333333333333,3.2916666666666665,1.7083333333333333,1.4583333333333333,3.5,23,57,0,22,25,48,35,44
338,4,4.9,4.2,1.7,1,3.5,23,57,0,22,25,48,35,44
338,5,4.625,2.9375,1.625,1,3.6875,23,57,0,22,25,48,35,44
338,6,4.166666666666667,2.1666666666666665,2.2916666666666665,1.25,3.125,23,57,0,22,25,48,35,44
339,0,1.1,1.6,1.65,1.95,3.35,12,46,1,38,20,17,27,26
339,1,1.1666666666666667,1.75,1.375,1.2916666666666667,3.7083333333333335,12,46,1,38,20,17,27,26
339,2,1.25,1.5,2.2916666666666665,2.0416666666666665,2.75,12,46,1,38,20,17,27,26
339,3,1.1,1.3,1.7,1.5,3.65,12,46,1,38,20,17,27,26
339,4,1.4166666666666667,1.2083333333333333,2.0833333333333335,1.875,2.5416666666666665,12,46,1,38,20,17,27,26
339,5,1.25,1.2083333333333333,2.0416666666666665,2.2916666666666665,3.25,12,46,1,38,20,17,27,26
339,6,1,1.3333333333333333,1.6666666666666667,1.4583333333333333,3.8333333333333335,12,46,1,38,20,17,27,26
340,0,2.375,2.25,3.25,3.375,2.1875,24,22,1,30,25,42,29,24
340,1,3.4,3.45,1.85,1.35,3.3,24,22,1,30,25,42,29,24
340,2,3.1,3.5625,1.9375,1.5,3.4375,24,22,1,30,25,42,29,24
340,3,4.1,3.95,2.25,1.3,3.3,24,22,1,30,25,42,29,24
340,4,3.3333333333333335,3,1.6666666666666667,1.3333333333333333,3.3333333333333335,24,22,1,30,25,42,29,24
340,5,2.1666666666666665,1.5,3.25,2.3333333333333335,2.6666666666666665,24,22,1,30,25,42,29,24
340,6,3.1,2.65,1.4,1.5,3.55,24,22,1,30,25,42,29,24
341,0,2.4166666666666665,1.9583333333333333,1.2083333333333333,1.5833333333333333,3.5833333333333335,29,22,0,18,29,45,40,36
341,1,2.1666666666666665,1.75,1.125,1.25,3.2916666666666665,29,22,0,18,29,45,40,36
341,2,2.0833333333333335,1.8333333333333333,1.3333333333333333,1.3333333333333333,3.125,29,22,0,18,29,45,40,36
341,3,2.75,2.25,1.2083333333333333,1.0833333333333333,3.25,29,22,0,18,29,45,40,36
341,4,2.25,1.7083333333333333,1.1666666666666667,1.875,2.7083333333333335,29,22,0,18,29,45,40,36
341,5,1.7,1.7,1.5,1.5,2.9,29,22,0,18,29,45,40,36
341,6,1.5833333333333333,1.5,1.7083333333333333,1.8333333333333333,2.4166666666666665,29,22,0,18,29,45,40,36
342,0,4.25,3.75,2.25,2,2.625,17,53,0,NA,NA,NA,NA,NA
342,1,3.75,4.125,1.8125,1.8125,2.4375,17,53,0,NA,NA,NA,NA,NA
342,2,3.9166666666666665,3.7083333333333335,2,1.9166666666666667,2.9166666666666665,17,53,0,NA,NA,NA,NA,NA
342,3,3.5,3.3333333333333335,2,2.25,2.4583333333333335,17,53,0,NA,NA,NA,NA,NA
342,4,4.5,4.125,1.75,1.75,2.9375,17,53,0,NA,NA,NA,NA,NA
342,5,3.125,3.375,2.25,2.125,2.9375,17,53,0,NA,NA,NA,NA,NA
342,6,2.8333333333333335,2.9166666666666665,1.9583333333333333,2.25,2.4583333333333335,17,53,0,NA,NA,NA,NA,NA
343,0,3.5,2.25,1.5,1.5,3,21,22,1,22,33,34,34,28
343,1,2,2.375,1.5,1.75,3,21,22,1,22,33,34,34,28
343,2,NA,NA,NA,NA,NA,21,22,1,22,33,34,34,28
343,3,NA,NA,NA,NA,NA,21,22,1,22,33,34,34,28
343,4,NA,NA,NA,NA,NA,21,22,1,22,33,34,34,28
343,5,NA,NA,NA,NA,NA,21,22,1,22,33,34,34,28
343,6,NA,NA,NA,NA,NA,21,22,1,22,33,34,34,28
345,0,3.3,2.75,1.4,1.35,3.35,25,35,1,26,32,42,36,33
345,1,2.0833333333333335,2.2083333333333335,2.5416666666666665,2.2916666666666665,2.75,25,35,1,26,32,42,36,33
345,2,2.2,2.4,2.25,1.9,2.4,25,35,1,26,32,42,36,33
345,3,2.25,1.5,1.5,2.125,3.375,25,35,1,26,32,42,36,33
345,4,2.1666666666666665,1.3333333333333333,1.75,2.5,3.25,25,35,1,26,32,42,36,33
345,5,1.9,1.2,1.5,2.25,3,25,35,1,26,32,42,36,33
345,6,4.166666666666667,2.75,1.3333333333333333,1.5833333333333333,3.1666666666666665,25,35,1,26,32,42,36,33
347,0,1.4,1.0625,2.4,2.45,2.75,17,23,0,14,5,17,10,11
347,1,1.25,1.0625,2.125,2.3125,2.8125,17,23,0,14,5,17,10,11
347,2,1.25,1,2.0625,2.3125,2.875,17,23,0,14,5,17,10,11
347,3,1.5,1,1.8125,2.375,3.25,17,23,0,14,5,17,10,11
347,4,1.0833333333333333,1,1.6666666666666667,2.2083333333333335,3.125,17,23,0,14,5,17,10,11
347,5,1.1,1,1.5,2.15,3.35,17,23,0,14,5,17,10,11
347,6,1.1,1,1.4375,2.15,3.4,17,23,0,14,5,17,10,11
348,0,1.7,1.25,1.75,3.4,4.1,29,23,1,28,13,35,34,30
348,1,1.1666666666666667,1.125,1.6666666666666667,2.9166666666666665,4.25,29,23,1,28,13,35,34,30
348,2,1,1,2.85,3.7,2.9,29,23,1,28,13,35,34,30
348,3,1.3333333333333333,1.25,1.75,2.75,4,29,23,1,28,13,35,34,30
348,4,2.1,1.7,1.55,2.3,3.4,29,23,1,28,13,35,34,30
348,5,1,1,2.2,3.9,3.55,29,23,1,28,13,35,34,30
348,6,1,1,1.8333333333333333,3.5,3.6666666666666665,29,23,1,28,13,35,34,30
349,0,3.5,3.4,1,1.05,3.85,30,35,1,22,25,41,32,35
349,1,1.5,1.6875,1.375,1.1875,2.6875,30,35,1,22,25,41,32,35
349,2,3,2.4,1,1,3.3,30,35,1,22,25,41,32,35
349,3,1.9166666666666667,1.875,1.25,1.2916666666666667,3.4583333333333335,30,35,1,22,25,41,32,35
349,4,2,1.625,1.0625,1.125,3.5625,30,35,1,22,25,41,32,35
349,5,3.25,2.4375,1.0625,1.1875,3.5625,30,35,1,22,25,41,32,35
349,6,2.3333333333333335,1.8333333333333333,1.1,1.125,3.375,30,35,1,22,25,41,32,35
350,0,1,1.25,1.9583333333333333,2.9583333333333335,2.0416666666666665,15,25,1,32,27,35,41,21
350,1,1.1666666666666667,1.4583333333333333,2.25,3,1.8333333333333333,15,25,1,32,27,35,41,21
350,2,1.5,1.65,2.15,2.5,1.9,15,25,1,32,27,35,41,21
350,3,1.0833333333333333,1.1666666666666667,2.2083333333333335,2.875,2.1666666666666665,15,25,1,32,27,35,41,21
350,4,1.9166666666666667,1.7916666666666667,1.4583333333333333,1.7083333333333333,2.75,15,25,1,32,27,35,41,21
350,5,1.4166666666666667,1.125,1.8333333333333333,2.0416666666666665,2.5,15,25,1,32,27,35,41,21
350,6,1.5833333333333333,1.1666666666666667,1.625,2,2.75,15,25,1,32,27,35,41,21
351,0,2,1.95,1.65,1.7,3.35,19,24,1,32,26,35,35,35
351,1,2.375,2.1875,1.375,1.1875,4,19,24,1,32,26,35,35,35
351,2,1.9,1.7,1.8,1.55,3.3,19,24,1,32,26,35,35,35
351,3,2.25,2.15,1.7,1.4,3.2,19,24,1,32,26,35,35,35
351,4,2.3333333333333335,2.4166666666666665,1.625,1.375,3.125,19,24,1,32,26,35,35,35
351,5,2.4,2.25,1.85,1.65,2.6,19,24,1,32,26,35,35,35
351,6,2.3333333333333335,2,1.75,1.4166666666666667,2.8333333333333335,19,24,1,32,26,35,35,35
352,0,2.4166666666666665,1.8333333333333333,1.25,1.125,3.5416666666666665,16,48,1,24,37,37,31,29
352,1,2.5,2.2916666666666665,2,1.2916666666666667,3.125,16,48,1,24,37,37,31,29
352,2,2.8333333333333335,2.375,1.6666666666666667,1.1666666666666667,3.2916666666666665,16,48,1,24,37,37,31,29
352,3,3.1666666666666665,2.8333333333333335,1.0416666666666667,1.0416666666666667,3.5416666666666665,16,48,1,24,37,37,31,29
352,4,2.8333333333333335,2.75,1.2916666666666667,1,3.5833333333333335,16,48,1,24,37,37,31,29
352,5,3.4,3,1.1,1,3.5,16,48,1,24,37,37,31,29
352,6,2.5833333333333335,2.9583333333333335,1.2083333333333333,1.0833333333333333,3.25,16,48,1,24,37,37,31,29
353,0,2.7,2.85,1.25,1.6,3.05,23,26,0,18,30,38,41,28
353,1,3.375,3.25,1.375,1.375,3.125,23,26,0,18,30,38,41,28
353,2,2.8,2.85,1.6,1.45,3.25,23,26,0,18,30,38,41,28
353,3,3.8333333333333335,3.6666666666666665,1.125,1.0833333333333333,3.25,23,26,0,18,30,38,41,28
353,4,2.25,2.1875,2.375,2,2.375,23,26,0,18,30,38,41,28
353,5,3.6,3.6,1,1,2.966666666666667,23,26,0,18,30,38,41,28
353,6,2.25,2.8,2,1.9583333333333333,2.7083333333333335,23,26,0,18,30,38,41,28
354,0,3.5833333333333335,2.5,1.0416666666666667,1,3.5,19,55,1,12,37,38,43,30
354,1,3.0833333333333335,1.7916666666666667,1,1,3.4166666666666665,19,55,1,12,37,38,43,30
354,2,2.9166666666666665,2.0833333333333335,1.2916666666666667,1,3.5,19,55,1,12,37,38,43,30
354,3,2.6666666666666665,2.125,1.1666666666666667,1.0833333333333333,3.5833333333333335,19,55,1,12,37,38,43,30
354,4,2.25,2.125,1,1,3.625,19,55,1,12,37,38,43,30
354,5,3.3333333333333335,3.2916666666666665,1,1,3.75,19,55,1,12,37,38,43,30
354,6,2.3333333333333335,2.2083333333333335,1,1,3.75,19,55,1,12,37,38,43,30
355,0,NA,NA,NA,NA,NA,22,34,0,27,28,40,37,34
355,1,NA,NA,NA,NA,NA,22,34,0,27,28,40,37,34
355,2,NA,NA,NA,NA,NA,22,34,0,27,28,40,37,34
355,3,NA,NA,NA,NA,NA,22,34,0,27,28,40,37,34
355,4,NA,NA,NA,NA,NA,22,34,0,27,28,40,37,34
355,5,NA,NA,NA,NA,NA,22,34,0,27,28,40,37,34
355,6,NA,NA,NA,NA,NA,22,34,0,27,28,40,37,34
357,0,2.9166666666666665,2.8333333333333335,1.3333333333333333,1.875,3.0833333333333335,22,53,0,28,21,36,41,40
357,1,3.1666666666666665,2.7083333333333335,1.4583333333333333,1.7916666666666667,3.0833333333333335,22,53,0,28,21,36,41,40
357,2,3.6,3.5,1.2,1.45,3.45,22,53,0,28,21,36,41,40
357,3,4.083333333333333,3.625,1.2083333333333333,1.4583333333333333,3.6666666666666665,22,53,0,28,21,36,41,40
357,4,2.4166666666666665,2.5,1.7083333333333333,2.3333333333333335,2.7916666666666665,22,53,0,28,21,36,41,40
357,5,3.9,3.7,1,1,3.8,22,53,0,28,21,36,41,40
357,6,2.375,1.8125,2.0625,2.8125,2.0625,22,53,0,28,21,36,41,40
359,0,3.7,3.15,1.2,1.85,3.25,30,24,0,20,17,40,37,27
359,1,3,2.625,1.9583333333333333,2.5833333333333335,3.0416666666666665,30,24,0,20,17,40,37,27
359,2,3,2.25,3.875,3.875,2.9375,30,24,0,20,17,40,37,27
359,3,3,2.55,3,3.05,3.2,30,24,0,20,17,40,37,27
359,4,4.125,2.75,2.0625,2.875,2.625,30,24,0,20,17,40,37,27
359,5,3.4,2.15,2.45,2.45,2.9,30,24,0,20,17,40,37,27
359,6,2.5,2.625,1.8,2,3.05,30,24,0,20,17,40,37,27
360,0,1.125,1.4375,2.25,2.9375,2.9375,23,57,0,23,21,47,42,37
360,1,1,1.125,3.7083333333333335,4.25,2.1666666666666665,23,57,0,23,21,47,42,37
360,2,1,1,3.6666666666666665,4.583333333333333,2,23,57,0,23,21,47,42,37
360,3,1.1,1.3,2.25,2.85,3.25,23,57,0,23,21,47,42,37
360,4,1.0833333333333333,1.125,2.3333333333333335,2.9166666666666665,3.25,23,57,0,23,21,47,42,37
360,5,1.1666666666666667,1.3333333333333333,1.9583333333333333,3,2.9166666666666665,23,57,0,23,21,47,42,37
360,6,1,1.2,2.45,2.9,2.95,23,57,0,23,21,47,42,37
361,0,2.8333333333333335,3.2916666666666665,2.375,2.375,3.0833333333333335,23,19,1,28,33,40,35,38
361,1,2.4,2.4,2.55,2.75,2.35,23,19,1,28,33,40,35,38
361,2,3.875,3.8125,1.5833333333333333,1.75,2.6666666666666665,23,19,1,28,33,40,35,38
361,3,3.9,3.25,2.2,2.2,2.7,23,19,1,28,33,40,35,38
361,4,2.5,2.5,2.9166666666666665,2.5,2.3333333333333335,23,19,1,28,33,40,35,38
361,5,3,2.45,3,2.8,2.7,23,19,1,28,33,40,35,38
361,6,2.125,1.5,4,2.875,2.5833333333333335,23,19,1,28,33,40,35,38
362,0,2.7,2.55,1.3,1.65,3.05,22,48,0,29,24,39,29,27
362,1,3.25,2.8333333333333335,1.6666666666666665,1.875,3.1666666666666665,22,48,0,29,24,39,29,27
362,2,4,3.75,1.0833333333333333,1.0416666666666667,4.333333333333333,22,48,0,29,24,39,29,27
362,3,2.8333333333333335,2.375,2.0833333333333335,2,2.5833333333333335,22,48,0,29,24,39,29,27
362,4,2.5833333333333335,2.6666666666666665,2.125,2.125,2.75,22,48,0,29,24,39,29,27
362,5,4.083333333333333,3.875,1.2916666666666667,1.125,3.7083333333333335,22,48,0,29,24,39,29,27
362,6,3.9166666666666665,3.5833333333333335,1.25,1.1666666666666667,3.4166666666666665,22,48,0,29,24,39,29,27
363,0,4.6,3.4,1.1,1.25,4,31,45,1,29,25,17,37,27
363,1,4,3,1,1,3.375,31,45,1,29,25,17,37,27
363,2,4.333333333333333,3.5,1,1,3.6666666666666665,31,45,1,29,25,17,37,27
363,3,4.333333333333333,3.3333333333333335,1.0625,1,3.75,31,45,1,29,25,17,37,27
363,4,4.125,3.25,1,1,3.5625,31,45,1,29,25,17,37,27
363,5,4.125,2.8125,1.0625,1,3.1875,31,45,1,29,25,17,37,27
363,6,4.2,3.1,1.1,1,3.2,31,45,1,29,25,17,37,27
365,0,4.166666666666667,3.375,2.3333333333333335,1.7916666666666665,3.5416666666666665,31,62,1,23,38,47,36,41
365,1,4.1,3.7,1.9,1.85,3.7,31,62,1,23,38,47,36,41
365,2,4,3.1666666666666665,2.0416666666666665,1.75,3.875,31,62,1,23,38,47,36,41
365,3,4,3.6666666666666665,1.3333333333333333,1.7083333333333333,4,31,62,1,23,38,47,36,41
365,4,4,3.3333333333333335,1.625,1.5833333333333333,3.9583333333333335,31,62,1,23,38,47,36,41
365,5,3.3333333333333335,2.625,1.875,2.0833333333333335,3.7083333333333335,31,62,1,23,38,47,36,41
365,6,4.25,3.8125,1,1.4375,4.375,31,62,1,23,38,47,36,41
366,0,1.5,1.5833333333333333,2.7083333333333335,2.5,2.5833333333333335,16,48,1,36,15,36,32,28
366,1,1,1.0416666666666667,2.3333333333333335,3.2916666666666665,2.3333333333333335,16,48,1,36,15,36,32,28
366,2,1,1,1.5416666666666667,3.1666666666666665,2.625,16,48,1,36,15,36,32,28
366,3,1.0833333333333333,1.125,2.5833333333333335,4.083333333333333,2.0833333333333335,16,48,1,36,15,36,32,28
366,4,1,1.0416666666666667,3.1666666666666665,4.541666666666667,1.375,16,48,1,36,15,36,32,28
366,5,1,1.0833333333333333,3,4.625,1.7916666666666667,16,48,1,36,15,36,32,28
366,6,1,1.1666666666666667,2.75,4.083333333333333,2,16,48,1,36,15,36,32,28
367,0,2.8,3.05,2.35,2.3,2.9,22,41,0,26,21,34,32,32
367,1,1.3,1.95,2.25,3.1,2.3,22,41,0,26,21,34,32,32
367,2,2.3333333333333335,1.1,3.6,3.2083333333333335,2.2083333333333335,22,41,0,26,21,34,32,32
367,3,2.5833333333333335,2.0833333333333335,2.7916666666666665,3.2083333333333335,2.375,22,41,0,26,21,34,32,32
367,4,2.4166666666666665,2.9,2.4,2.4166666666666665,2.5416666666666665,22,41,0,26,21,34,32,32
367,5,2.5833333333333335,2.5,3,3.0833333333333335,2.1666666666666665,22,41,0,26,21,34,32,32
367,6,3,3.45,2,2.15,2.35,22,41,0,26,21,34,32,32
368,0,3.1,2.8,1.15,1.05,2.95,14,33,1,22,22,48,33,42
368,1,3.25,3.375,1,1,3,14,33,1,22,22,48,33,42
368,2,2.5,2.25,1.4583333333333333,1.375,2.5,14,33,1,22,22,48,33,42
368,3,2.75,2.9583333333333335,1.0416666666666667,1,2.9583333333333335,14,33,1,22,22,48,33,42
368,4,2.4,2.5,1.5,1.15,2.65,14,33,1,22,22,48,33,42
368,5,3,2.375,1.125,1,2.875,14,33,1,22,22,48,33,42
368,6,2.9166666666666665,2.4166666666666665,1.0416666666666667,1.0833333333333333,2.7916666666666665,14,33,1,22,22,48,33,42
369,0,3.9166666666666665,4.3,1,1.1666666666666667,3.6666666666666665,18,24,1,22,26,35,40,35
369,1,3.2,2.6,1.2,1,3.4,18,24,1,22,26,35,40,35
369,2,3.5,2.5625,1.6666666666666667,1.2,3.8333333333333335,18,24,1,22,26,35,40,35
369,3,4.3,3.2,1.25,1,3.55,18,24,1,22,26,35,40,35
369,4,4.5,NA,1,NA,3.291666666666667,18,24,1,22,26,35,40,35
369,5,NA,NA,NA,NA,NA,18,24,1,22,26,35,40,35
369,6,NA,NA,NA,NA,NA,18,24,1,22,26,35,40,35
370,0,3.9,3.45,1.05,1.05,3.25,11,20,1,24,29,33,34,30
370,1,3.4,2.75,1,1.125,3.375,11,20,1,24,29,33,34,30
370,2,2.25,1.1666666666666667,1.5833333333333333,1.625,2.5,11,20,1,24,29,33,34,30
370,3,2.25,1.625,1.7083333333333333,1.625,2.6666666666666665,11,20,1,24,29,33,34,30
370,4,3.6666666666666665,3.3333333333333335,1.25,1.125,3.375,11,20,1,24,29,33,34,30
370,5,2.5,2.1,2.1,1.85,2.45,11,20,1,24,29,33,34,30
370,6,3.3,1.65,1.35,1.15,3.2,11,20,1,24,29,33,34,30
371,0,2.4166666666666665,2.3333333333333335,2.9583333333333335,2.9166666666666665,2.5416666666666665,21,23,1,33,24,37,32,25
371,1,2.5,2.4583333333333335,2.875,2.7916666666666665,2.625,21,23,1,33,24,37,32,25
371,2,2,1.7916666666666667,3.75,3.5,2.5416666666666665,21,23,1,33,24,37,32,25
371,3,2.25,2,3.9166666666666665,3.6666666666666665,2.5,21,23,1,33,24,37,32,25
371,4,2,2.0833333333333335,3.5416666666666665,3.3333333333333335,2.486111111111111,21,23,1,33,24,37,32,25
371,5,2.2,2.7,2.7,2.75,3.15,21,23,1,33,24,37,32,25
371,6,2,2.1875,2.75,2.9,2.7,21,23,1,33,24,37,32,25
372,0,3.0833333333333335,2.7916666666666665,1.125,1,2.9583333333333335,18,24,1,33,16,48,31,21
372,1,1.9166666666666667,1.9583333333333333,1.625,1,2.7083333333333335,18,24,1,33,16,48,31,21
372,2,1.875,1.625,1.4375,1.25,2.3125,18,24,1,33,16,48,31,21
372,3,2.125,1.75,1.5,1.1875,2.5,18,24,1,33,16,48,31,21
372,4,3,2.5,1,1,2.625,18,24,1,33,16,48,31,21
372,5,3.3,3.1,1.5,1,2.8,18,24,1,33,16,48,31,21
372,6,3.3333333333333335,2.3333333333333335,2.25,1.5,1.9166666666666667,18,24,1,33,16,48,31,21
373,0,3.3333333333333335,3.2916666666666665,1.8333333333333333,1.5,3.3333333333333335,18,30,1,35,33,45,21,28
373,1,3.3333333333333335,3.0833333333333335,1.2083333333333333,1.0833333333333333,3.625,18,30,1,35,33,45,21,28
373,2,3.5833333333333335,3.25,1.6666666666666667,1.125,3.2916666666666665,18,30,1,35,33,45,21,28
373,3,3,2.5416666666666665,1.5,1.125,3.25,18,30,1,35,33,45,21,28
373,4,3.1,2.45,2.1,1.6,3.05,18,30,1,35,33,45,21,28
373,5,2.8333333333333335,2.125,1.3,1,3.625,18,30,1,35,33,45,21,28
373,6,2.5833333333333335,1.8333333333333333,2.25,1.9583333333333335,3.0416666666666665,18,30,1,35,33,45,21,28
374,0,4.6,3.45,1.15,1.7,4.65,30,29,1,15,22,33,42,41
374,1,5,5,1,1,4.5,30,29,1,15,22,33,42,41
374,2,4.375,3.25,1,1.0625,4.125,30,29,1,15,22,33,42,41
374,3,4.875,4.375,1,1,3.9375,30,29,1,15,22,33,42,41
374,4,4.333333333333333,3.3333333333333335,1,1.4166666666666667,4.083333333333333,30,29,1,15,22,33,42,41
374,5,5,4.333333333333333,1.0833333333333333,1,4.416666666666667,30,29,1,15,22,33,42,41
374,6,4.5,3.3125,1.1875,1.0625,4.3125,30,29,1,15,22,33,42,41
377,0,2.2,2.45,1.65,1.95,2.9,19,53,1,33,28,41,25,32
377,1,2.3333333333333335,2.375,1.5416666666666667,1.625,3.2083333333333335,19,53,1,33,28,41,25,32
377,2,1,1.45,3.05,2.55,2.3,19,53,1,33,28,41,25,32
377,3,3,1.25,1.5,1.75,2.5,19,53,1,33,28,41,25,32
377,4,2.4166666666666665,2.4583333333333335,1.5,1.5416666666666667,3.125,19,53,1,33,28,41,25,32
377,5,2.25,1.75,1.25,1.375,3.5625,19,53,1,33,28,41,25,32
377,6,3.3,3.05,1.85,1.8,3.45,19,53,1,33,28,41,25,32
378,0,NA,NA,NA,NA,NA,16,24,0,29,15,34,32,26
378,1,NA,NA,NA,NA,NA,16,24,0,29,15,34,32,26
378,2,NA,NA,NA,NA,NA,16,24,0,29,15,34,32,26
378,3,NA,NA,NA,NA,NA,16,24,0,29,15,34,32,26
378,4,NA,NA,NA,NA,NA,16,24,0,29,15,34,32,26
378,5,NA,NA,NA,NA,NA,16,24,0,29,15,34,32,26
378,6,NA,NA,NA,NA,NA,16,24,0,29,15,34,32,26
379,0,2.6,3.05,2.7,1.4,2.6,29,27,1,NA,NA,NA,NA,NA
379,1,2.6,2.9,2.45,1.05,2.85,29,27,1,NA,NA,NA,NA,NA
379,2,2.4166666666666665,2.9166666666666665,2.375,1.0416666666666667,2.7,29,27,1,NA,NA,NA,NA,NA
379,3,3,2.6,2.05,1,3,29,27,1,NA,NA,NA,NA,NA
379,4,2.6,2.8,2.1,1,3,29,27,1,NA,NA,NA,NA,NA
379,5,2.3333333333333335,2.9166666666666665,2.5833333333333335,1,3.1666666666666665,29,27,1,NA,NA,NA,NA,NA
379,6,2.6666666666666665,3,2.2083333333333335,1,2.8055555555555554,29,27,1,NA,NA,NA,NA,NA
380,0,3.3333333333333335,3.0833333333333335,1.5,1.3333333333333333,3.4166666666666665,22,21,1,27,18,39,34,33
380,1,2.6666666666666665,2,2.0833333333333335,1.75,2.5,22,21,1,27,18,39,34,33
380,2,NA,NA,NA,NA,NA,22,21,1,27,18,39,34,33
380,3,NA,NA,NA,NA,NA,22,21,1,27,18,39,34,33
380,4,NA,NA,NA,NA,NA,22,21,1,27,18,39,34,33
380,5,NA,NA,NA,NA,NA,22,21,1,27,18,39,34,33
380,6,NA,NA,NA,NA,NA,22,21,1,27,18,39,34,33
382,0,1.8333333333333333,1.5833333333333333,2.2083333333333335,2.9166666666666665,1.5416666666666667,13,35,1,25,24,39,39,42
382,1,2.8,2.45,1.3,1.15,2.5,13,35,1,25,24,39,39,42
382,2,2,1.4166666666666667,1.5,1.7916666666666667,2.3333333333333335,13,35,1,25,24,39,39,42
382,3,2.5833333333333335,2.125,1.3333333333333333,1.1666666666666667,2.6666666666666665,13,35,1,25,24,39,39,42
382,4,2.0833333333333335,1.625,2.375,1.75,1.6666666666666667,13,35,1,25,24,39,39,42
382,5,2.3333333333333335,1.4166666666666667,1.5416666666666667,1.625,2.0833333333333335,13,35,1,25,24,39,39,42
382,6,3.1666666666666665,2.625,1,1,3,13,35,1,25,24,39,39,42
386,0,4.333333333333333,3,1.55,1,3.6,18,19,1,20,13,14,33,45
386,1,3,2.25,1.6,1,3.75,18,19,1,20,13,14,33,45
386,2,4.5,3.25,1.625,1.0625,3.375,18,19,1,20,13,14,33,45
386,3,2.75,1.75,1.8125,1.0625,3.1875,18,19,1,20,13,14,33,45
386,4,4.5,3.25,1.1666666666666667,1,3.4166666666666665,18,19,1,20,13,14,33,45
386,5,3.3333333333333335,2,1.5833333333333333,1.0833333333333333,3.25,18,19,1,20,13,14,33,45
386,6,3.25,2.875,1.5625,1,3.625,18,19,1,20,13,14,33,45
388,0,2,2,1.4,1.6,2.95,NA,29,0,NA,NA,NA,NA,NA
388,1,1.4,1,2.25,2.2,3.25,NA,29,0,NA,NA,NA,NA,NA
388,2,1.6,1.125,1.7916666666666667,1.9,3.3333333333333335,NA,29,0,NA,NA,NA,NA,NA
388,3,1.5,1.15,1.6,1.9,3.35,NA,29,0,NA,NA,NA,NA,NA
388,4,1.5,1.0625,1.625,1.75,3.375,NA,29,0,NA,NA,NA,NA,NA
388,5,1.6666666666666667,1.0833333333333333,1.5,1.75,3.0416666666666665,NA,29,0,NA,NA,NA,NA,NA
388,6,1.1666666666666667,1.125,1.2916666666666667,1.875,3.3333333333333335,NA,29,0,NA,NA,NA,NA,NA
390,0,3,1.65,1.2,1.35,3.3,24,43,1,23,29,44,31,23
390,1,2.5,1.65,1.7,1.8,2.9,24,43,1,23,29,44,31,23
390,2,2.125,1.875,1.5625,1.75,3,24,43,1,23,29,44,31,23
390,3,2.1666666666666665,1.5,1.3333333333333333,1.9166666666666667,2.5,24,43,1,23,29,44,31,23
390,4,1.6666666666666667,1.6666666666666667,1.6666666666666667,1.75,2.75,24,43,1,23,29,44,31,23
390,5,2.375,1.75,1.375,1.5625,2.6875,24,43,1,23,29,44,31,23
390,6,3,2.5,1.75,1.5,2.75,24,43,1,23,29,44,31,23
391,0,3,2.35,1.25,1.5,3.35,13,27,1,33,15,26,30,34
391,1,2.4,1.25,1.55,1.75,3.05,13,27,1,33,15,26,30,34
391,2,2.875,2.875,1.4375,1.375,3,13,27,1,33,15,26,30,34
391,3,3,1.7,1.75,1.6,3.05,13,27,1,33,15,26,30,34
391,4,4,2.75,1.4166666666666667,1.1666666666666667,3.5,13,27,1,33,15,26,30,34
391,5,4,2.9375,1.125,1.0833333333333333,3.2291666666666665,13,27,1,33,15,26,30,34
391,6,2.2,1.4,1.8,1.85,2.4,13,27,1,33,15,26,30,34
392,0,1.3333333333333333,1.2,3.5,3.8333333333333335,1.9166666666666667,11,27,1,34,37,44,28,31
392,1,1.5,1.2,3.65,3.8,1.8,11,27,1,34,37,44,28,31
392,2,1.1666666666666667,1.25,3.5,3.9166666666666665,1.75,11,27,1,34,37,44,28,31
392,3,1.75,1.75,2.75,2.625,2.6875,11,27,1,34,37,44,28,31
392,4,1.6666666666666667,2.125,3.05,2.8333333333333335,2.375,11,27,1,34,37,44,28,31
392,5,1.5,1.7083333333333333,3,3.3333333333333335,2.25,11,27,1,34,37,44,28,31
392,6,1.5833333333333333,1.7,2.85,2.25,2.4166666666666665,11,27,1,34,37,44,28,31
393,0,1.9166666666666667,1.7083333333333333,1.25,1.3333333333333333,3.4166666666666665,20,30,1,18,24,30,37,35
393,1,2.5,2.3,1.25,1.05,3.25,20,30,1,18,24,30,37,35
393,2,2.1,1.7,1.4,1.05,2.85,20,30,1,18,24,30,37,35
393,3,1.8333333333333333,1.6666666666666667,1.125,1.1666666666666667,3.0416666666666665,20,30,1,18,24,30,37,35
393,4,1.8333333333333333,1.375,1.4583333333333333,1.25,3,20,30,1,18,24,30,37,35
393,5,1.5,1.25,1.7,1.8,3.1,20,30,1,18,24,30,37,35
393,6,2.6666666666666665,2.125,1.125,1,3.1666666666666665,20,30,1,18,24,30,37,35
394,0,2.125,1.75,1.8125,1.625,3.0625,20,43,1,27,25,30,32,32
394,1,2,1.85,1.1,1.5,3.35,20,43,1,27,25,30,32,32
394,2,2.125,2.3125,1,1.375,3.4375,20,43,1,27,25,30,32,32
394,3,2.5,2.5833333333333335,1,1.5,3.5833333333333335,20,43,1,27,25,30,32,32
394,4,2.25,2,1.1666666666666667,1.5833333333333333,3.1666666666666665,20,43,1,27,25,30,32,32
394,5,2.5,2.25,1,1.55,3.3,20,43,1,27,25,30,32,32
394,6,2.1,1.45,1.15,1.9,3.3,20,43,1,27,25,30,32,32
395,0,4.1,3.5,1.1,1.05,3.2,19,24,1,31,26,38,38,28
395,1,4.083333333333333,3.375,1.3333333333333333,1,3.0416666666666665,19,24,1,31,26,38,38,28
395,2,4.25,3.125,1.1875,1,3.5416666666666665,19,24,1,31,26,38,38,28
395,3,4.5,3.5833333333333335,1.125,1,3.625,19,24,1,31,26,38,38,28
395,4,3.9,2.7,1.25,1,3.7,19,24,1,31,26,38,38,28
395,5,4.25,2.75,1.25,1,3.375,19,24,1,31,26,38,38,28
395,6,3.25,2.3333333333333335,1.0416666666666667,1.0416666666666667,3.5416666666666665,19,24,1,31,26,38,38,28
396,0,4.4,2.05,1.25,1.1,3.7,19,29,0,17,26,38,35,36
396,1,4.25,2.4166666666666665,1.4583333333333333,1.0833333333333333,3.5,19,29,0,17,26,38,35,36
396,2,3.6,1.95,1.75,1.25,2.95,19,29,0,17,26,38,35,36
396,3,3.9166666666666665,2.0416666666666665,1.375,1.125,3.2916666666666665,19,29,0,17,26,38,35,36
396,4,3.75,2.5,1.2916666666666667,1.0416666666666667,3.0833333333333335,19,29,0,17,26,38,35,36
396,5,3.5833333333333335,2.0416666666666665,1.25,1.1666666666666667,3.75,19,29,0,17,26,38,35,36
396,6,3.8333333333333335,2.375,1.0416666666666667,1.0416666666666667,4.166666666666667,19,29,0,17,26,38,35,36
399,0,3.5,2.55,1.1,1,3,28,56,1,19,26,37,34,27
399,1,3.3333333333333335,2.9583333333333335,1,1,3.2083333333333335,28,56,1,19,26,37,34,27
399,2,3.1666666666666665,2.9166666666666665,1.125,1.0416666666666667,3.125,28,56,1,19,26,37,34,27
399,3,3.5,3,1.0833333333333333,1,2.9166666666666665,28,56,1,19,26,37,34,27
399,4,3,2,1.4166666666666667,1.4583333333333333,3.0416666666666665,28,56,1,19,26,37,34,27
399,5,3.1666666666666665,2.9583333333333335,1.2916666666666667,1.0416666666666667,3.0416666666666665,28,56,1,19,26,37,34,27
399,6,3.4,2.95,1.3,1,3.1,28,56,1,19,26,37,34,27
400,0,1.25,1,4.833333333333333,3.9166666666666665,2.0416666666666665,20,30,1,38,15,37,33,38
400,1,1.0833333333333333,1,4.25,3.2083333333333335,2.4583333333333335,20,30,1,38,15,37,33,38
400,2,1.4166666666666667,1.1666666666666667,3.5416666666666665,2.9583333333333335,2.9166666666666665,20,30,1,38,15,37,33,38
400,3,1,1.05,3.6,2.8,2.7,20,30,1,38,15,37,33,38
400,4,1.25,1.0833333333333333,3.3333333333333335,2.5416666666666665,2.875,20,30,1,38,15,37,33,38
400,5,1,1.1,3.8,3,2.55,20,30,1,38,15,37,33,38
400,6,1.25,1,3.4583333333333335,2.625,2.9583333333333335,20,30,1,38,15,37,33,38
401,0,2.7,2.6,1.2,1.3,3.05,20,60,0,28,17,34,31,26
401,1,2.5,2.6666666666666665,1.5416666666666667,1.5833333333333333,3.1666666666666665,20,60,0,28,17,34,31,26
401,2,2.9166666666666665,3.75,1,1.0833333333333333,3.5,20,60,0,28,17,34,31,26
401,3,2.3333333333333335,4,1.2083333333333333,1.25,3,20,60,0,28,17,34,31,26
401,4,2.8,4.55,1.3,1.35,3.2,20,60,0,28,17,34,31,26
401,5,3.4166666666666665,4.541666666666667,1.125,1.0833333333333333,3.2916666666666665,20,60,0,28,17,34,31,26
401,6,3.5,4.45,1.65,1.2,2.8,20,60,0,28,17,34,31,26
402,0,2.0833333333333335,2.0833333333333335,2.125,1.875,3.2083333333333335,22,28,1,24,22,34,36,42
402,1,3.5,4,1.125,1.625,3.75,22,28,1,24,22,34,36,42
402,2,2,1.8,1.95,1.75,2.75,22,28,1,24,22,34,36,42
402,3,2.1666666666666665,2.35,1.8,1.7,2.6666666666666665,22,28,1,24,22,34,36,42
402,4,1.8333333333333333,1.75,1.8333333333333333,2,2.5,22,28,1,24,22,34,36,42
402,5,2.8333333333333335,2.0833333333333335,2.5,1.6666666666666667,2.6666666666666665,22,28,1,24,22,34,36,42
402,6,2.8,2,2.3,1.75,2.816666666666667,22,28,1,24,22,34,36,42
403,0,2.75,1.75,1,1.375,3.625,18,36,1,32,17,32,34,32
403,1,1.6666666666666667,1.8333333333333333,1.75,2.0833333333333335,3,18,36,1,32,17,32,34,32
403,2,1,1.25,1.375,1.125,3.125,18,36,1,32,17,32,34,32
403,3,1.6,1.6,1.05,1.05,3.5,18,36,1,32,17,32,34,32
403,4,1.5,1.5,1.375,1.1875,3.5,18,36,1,32,17,32,34,32
403,5,1.375,1.25,1.125,1,3.1875,18,36,1,32,17,32,34,32
403,6,1,1.1666666666666667,1.0833333333333333,1.25,3,18,36,1,32,17,32,34,32
406,0,NA,NA,NA,NA,NA,18,43,1,23,30,42,29,42
406,1,NA,NA,NA,NA,NA,18,43,1,23,30,42,29,42
406,2,NA,NA,NA,NA,NA,18,43,1,23,30,42,29,42
406,3,NA,NA,NA,NA,NA,18,43,1,23,30,42,29,42
406,4,NA,NA,NA,NA,NA,18,43,1,23,30,42,29,42
406,5,NA,NA,NA,NA,NA,18,43,1,23,30,42,29,42
406,6,NA,NA,NA,NA,NA,18,43,1,23,30,42,29,42
407,0,3.4166666666666665,2.25,1.7083333333333333,1.5416666666666667,2.9166666666666665,20,44,1,31,26,32,33,30
407,1,3.1,2.35,1.95,1.5,2.9,20,44,1,31,26,32,33,30
407,2,3.3,2.4,2,1.5,2.5,20,44,1,31,26,32,33,30
407,3,3.375,2.4375,2.0625,1.5,2.75,20,44,1,31,26,32,33,30
407,4,3.5833333333333335,2.5,2,1.5,2.625,20,44,1,31,26,32,33,30
407,5,3.5,2.6666666666666665,2,1.5,2.8333333333333335,20,44,1,31,26,32,33,30
407,6,3.5,2.45,2.05,1.5,2.7,20,44,1,31,26,32,33,30
408,0,2.5,2.25,1.2083333333333333,1.125,3,20,34,1,25,24,42,34,33
408,1,3.3333333333333335,1.5833333333333333,1.125,1,3.4583333333333335,20,34,1,25,24,42,34,33
408,2,2.9166666666666665,1.2916666666666667,1.2083333333333333,1,3.5416666666666665,20,34,1,25,24,42,34,33
408,3,3,1.625,1.2083333333333333,1,3.4583333333333335,20,34,1,25,24,42,34,33
408,4,2.5833333333333335,1.0416666666666667,2.0416666666666665,1,3.0416666666666665,20,34,1,25,24,42,34,33
408,5,4.1,4,1.2,1,3.35,20,34,1,25,24,42,34,33
408,6,3.5833333333333335,3.125,1.0833333333333333,1,3.625,20,34,1,25,24,42,34,33
409,0,3.4166666666666665,2.7083333333333335,1.7083333333333333,1.7916666666666667,3.25,23,22,1,14,7,10,14,17
409,1,3.0833333333333335,2.2083333333333335,1.4166666666666667,1.2916666666666667,3.25,23,22,1,14,7,10,14,17
409,2,2.1,2.3125,1.9,1.75,2.6666666666666665,23,22,1,14,7,10,14,17
409,3,1.7,2.0625,1.55,1.85,3.5,23,22,1,14,7,10,14,17
409,4,2.3333333333333335,2.75,1.25,1.0833333333333333,3.625,23,22,1,14,7,10,14,17
409,5,2.6666666666666665,2.25,1.3125,1,3,23,22,1,14,7,10,14,17
409,6,2.25,2.15,1.7083333333333333,1.6,3.2916666666666665,23,22,1,14,7,10,14,17
410,0,3.3333333333333335,2.9166666666666665,1.0416666666666667,1.0416666666666667,3.7083333333333335,12,57,1,24,24,25,34,37
410,1,2.75,2.4166666666666665,1.125,1,3.4583333333333335,12,57,1,24,24,25,34,37
410,2,2.75,2.375,1.1666666666666667,1,3.5,12,57,1,24,24,25,34,37
410,3,3.25,2.7916666666666665,1.0833333333333333,1,3.375,12,57,1,24,24,25,34,37
410,4,2.25,2,1.3333333333333333,1.25,3.2083333333333335,12,57,1,24,24,25,34,37
410,5,3.0833333333333335,2.8333333333333335,1.25,1.0416666666666667,3.375,12,57,1,24,24,25,34,37
410,6,2.75,2.5416666666666665,1.1666666666666667,1.0416666666666667,3,12,57,1,24,24,25,34,37
411,0,2.4166666666666665,2.3333333333333335,1.7916666666666667,1.2083333333333333,3.0416666666666665,10,24,0,26,11,36,34,22
411,1,3.25,3.0833333333333335,2.1666666666666665,2.0416666666666665,3.7916666666666665,10,24,0,26,11,36,34,22
411,2,2.9166666666666665,3.0416666666666665,1.5416666666666667,1.25,3.5416666666666665,10,24,0,26,11,36,34,22
411,3,1.6,1.15,2.7,2,3.05,10,24,0,26,11,36,34,22
411,4,1.4166666666666667,1.7083333333333333,2.2083333333333335,2.2083333333333335,3.2083333333333335,10,24,0,26,11,36,34,22
411,5,2,2.7083333333333335,2.125,1.875,2.763888888888889,10,24,0,26,11,36,34,22
411,6,2.0833333333333335,2.0416666666666665,2.7083333333333335,1.8333333333333333,2.875,10,24,0,26,11,36,34,22
412,0,2.4166666666666665,3.4166666666666665,1.2083333333333333,1.375,3.1666666666666665,19,27,0,23,28,31,33,29
412,1,2.5,3.25,1,1.3333333333333333,3.1666666666666665,19,27,0,23,28,31,33,29
412,2,3.125,2.75,1,1.1875,3.5,19,27,0,23,28,31,33,29
412,3,2.9,2.65,1.15,1.2,2.9,19,27,0,23,28,31,33,29
412,4,3.2,2.8,1.3,1.5,3.1,19,27,0,23,28,31,33,29
412,5,2.875,2.8125,1.3125,1.25,3.125,19,27,0,23,28,31,33,29
412,6,3.375,2.8125,1.125,1.25,2.875,19,27,0,23,28,31,33,29
413,0,2.625,2.6875,1.4375,1.5625,3.4375,19,30,1,31,22,41,32,28
413,1,2.6666666666666665,2.75,2.3333333333333335,2.25,2.9583333333333335,19,30,1,31,22,41,32,28
413,2,2.625,2.625,1.75,2.75,3,19,30,1,31,22,41,32,28
413,3,3.2,2.95,1.6,1.75,2.7,19,30,1,31,22,41,32,28
413,4,2.5,2.7916666666666665,1.6666666666666667,2,2.8333333333333335,19,30,1,31,22,41,32,28
413,5,1.75,1.9375,2.375,2.8125,2.4375,19,30,1,31,22,41,32,28
413,6,1.9,2.1,1.5,2.35,2.65,19,30,1,31,22,41,32,28
414,0,3,1.5,4.25,3.25,2.75,35,23,1,28,29,42,36,37
414,1,2.5,2.875,1.5,1.875,3,35,23,1,28,29,42,36,37
414,2,2,2.125,2.25,2.75,2.125,35,23,1,28,29,42,36,37
414,3,NA,NA,NA,NA,NA,35,23,1,28,29,42,36,37
414,4,2.25,2.375,1.375,1.875,2.125,35,23,1,28,29,42,36,37
414,5,NA,NA,NA,NA,NA,35,23,1,28,29,42,36,37
414,6,2.1666666666666665,1.9166666666666667,1.6666666666666667,2,2.6666666666666665,35,23,1,28,29,42,36,37
415,0,3.0833333333333335,2.5833333333333335,2.4583333333333335,1.8333333333333333,2.6666666666666665,15,63,1,39,15,38,42,32
415,1,3.25,3.1666666666666665,3.0416666666666665,2.4583333333333335,2.125,15,63,1,39,15,38,42,32
415,2,3.9166666666666665,3.875,1.9166666666666667,2,4.125,15,63,1,39,15,38,42,32
415,3,3.25,2.9166666666666665,2.1666666666666665,2.875,2.75,15,63,1,39,15,38,42,32
415,4,3.8333333333333335,3.7083333333333335,1.3333333333333333,1.7916666666666667,4.416666666666667,15,63,1,39,15,38,42,32
415,5,2.75,2.5,2.3333333333333335,2.125,3.6666666666666665,15,63,1,39,15,38,42,32
415,6,3.5,3.5416666666666665,1.7083333333333333,2.25,4.416666666666667,15,63,1,39,15,38,42,32
416,0,2.125,1.875,2.3125,2.5625,2.5,19,57,1,20,20,38,36,34
416,1,2,1.75,2.625,2.8125,2.375,19,57,1,20,20,38,36,34
416,2,2,1.75,2.75,2.5,2.5,19,57,1,20,20,38,36,34
416,3,1.7,1.45,3.05,2.8,2.4,19,57,1,20,20,38,36,34
416,4,2,1.75,3,3.25,2.125,19,57,1,20,20,38,36,34
416,5,2,1.75,3.25,2.875,2.25,19,57,1,20,20,38,36,34
416,6,2,1.875,3.25,3,2.125,19,57,1,20,20,38,36,34
417,0,3,2.85,1.15,1.25,4.15,NA,43,1,16,33,34,37,38
417,1,3,3.125,1.625,1.0416666666666667,3.875,NA,43,1,16,33,34,37,38
417,2,3.25,3,1.2916666666666667,1,4.083333333333333,NA,43,1,16,33,34,37,38
417,3,2.9166666666666665,2.75,1.3333333333333333,1.0833333333333333,3.5833333333333335,NA,43,1,16,33,34,37,38
417,4,2.9166666666666665,2.8333333333333335,1.375,1,3.7083333333333335,NA,43,1,16,33,34,37,38
417,5,3,2.9583333333333335,1.2083333333333333,1.0416666666666667,3.5,NA,43,1,16,33,34,37,38
417,6,2.9166666666666665,2.7083333333333335,1.3333333333333333,1.0833333333333333,3.55,NA,43,1,16,33,34,37,38
418,0,3.0833333333333335,2.5,1.5416666666666667,1.8333333333333333,3,13,30,1,27,25,28,29,41
418,1,3.6666666666666665,2.7916666666666665,1.6666666666666667,1.2083333333333333,3,13,30,1,27,25,28,29,41
418,2,3.3333333333333335,2.6666666666666665,1.375,1.2916666666666667,3.4583333333333335,13,30,1,27,25,28,29,41
418,3,3.9166666666666665,3.3333333333333335,1.375,1.2083333333333333,3.4166666666666665,13,30,1,27,25,28,29,41
418,4,3.8333333333333335,2.9166666666666665,1.2916666666666667,1.0833333333333333,3.4583333333333335,13,30,1,27,25,28,29,41
418,5,3.6666666666666665,2.75,1.3333333333333333,1.2083333333333333,2.9722222222222223,13,30,1,27,25,28,29,41
418,6,3.5833333333333335,2.7083333333333335,1.6666666666666667,1.3333333333333333,3.1666666666666665,13,30,1,27,25,28,29,41
419,0,2.5,1.65,1.05,1.6,3.25,NA,22,1,NA,NA,NA,NA,NA
419,1,2.3333333333333335,2.05,1.15,1.125,3.6,NA,22,1,NA,NA,NA,NA,NA
419,2,2.375,1.875,1.3125,1.375,3.4375,NA,22,1,NA,NA,NA,NA,NA
419,3,2,1.875,1.25,1,3,NA,22,1,NA,NA,NA,NA,NA
419,4,3.25,3.3333333333333335,1.1666666666666667,1,3.4375,NA,22,1,NA,NA,NA,NA,NA
419,5,3.625,3.1875,1.0625,1.0625,3.375,NA,22,1,NA,NA,NA,NA,NA
419,6,2,2.25,1.125,1,2.875,NA,22,1,NA,NA,NA,NA,NA
420,0,2.9166666666666665,3.0416666666666665,2.875,2.75,2.25,18,19,1,28,24,46,37,28
420,1,2.75,3.125,2.1875,2.5625,2.75,18,19,1,28,24,46,37,28
420,2,2.6666666666666665,2.7916666666666665,2.5833333333333335,2.625,2.2916666666666665,18,19,1,28,24,46,37,28
420,3,NA,NA,NA,NA,NA,18,19,1,28,24,46,37,28
420,4,2.75,2.625,2.375,2.5,2.125,18,19,1,28,24,46,37,28
420,5,3.5,3.625,1.875,2.375,2.625,18,19,1,28,24,46,37,28
420,6,3.5,3.25,2.25,2.25,2.25,18,19,1,28,24,46,37,28
421,0,1.4166666666666667,1.0833333333333333,3.0416666666666665,3.0416666666666665,2.75,17,35,1,39,14,20,36,27
421,1,1.3,1.05,2.1,2.55,3.15,17,35,1,39,14,20,36,27
421,2,2,2.0833333333333335,1.2916666666666667,2.1666666666666665,3.5833333333333335,17,35,1,39,14,20,36,27
421,3,1.75,1.5833333333333333,1.7083333333333333,2,3,17,35,1,39,14,20,36,27
421,4,1.5833333333333333,1.3333333333333333,1.75,1.875,3.4583333333333335,17,35,1,39,14,20,36,27
421,5,1.8,1.7,1.4,1.75,3.65,17,35,1,39,14,20,36,27
421,6,1.9166666666666667,1.8333333333333333,1.2083333333333333,1.375,3.375,17,35,1,39,14,20,36,27
422,0,2.875,3.4375,1.8125,2.125,2.375,NA,25,0,NA,NA,NA,NA,NA
422,1,3.125,3.3125,1.875,1.6875,2.875,NA,25,0,NA,NA,NA,NA,NA
422,2,3.25,2.9375,3.3125,2.375,2.875,NA,25,0,NA,NA,NA,NA,NA
422,3,3,3.75,3,2,3.25,NA,25,0,NA,NA,NA,NA,NA
422,4,3.375,3.75,3.5,1.75,2.9375,NA,25,0,NA,NA,NA,NA,NA
422,5,4.25,3,4.111111111111111,1.6666666666666667,2.75,NA,25,0,NA,NA,NA,NA,NA
422,6,4,3.25,3.5,1.5,3.25,NA,25,0,NA,NA,NA,NA,NA
423,0,2.4166666666666665,1.5416666666666667,1.9166666666666667,1.75,2.4166666666666665,20,52,1,34,17,24,31,20
423,1,2.1666666666666665,1.6666666666666667,1.5416666666666667,1.2916666666666667,2.75,20,52,1,34,17,24,31,20
423,2,2,1.75,1.875,1.375,2.75,20,52,1,34,17,24,31,20
423,3,2,1.5,1.5,1.35,2.9,20,52,1,34,17,24,31,20
423,4,1.9166666666666667,1.5416666666666667,1.5416666666666667,1.4166666666666667,3.0416666666666665,20,52,1,34,17,24,31,20
423,5,1.9166666666666667,1.6666666666666667,1.7916666666666665,1.5833333333333333,2.75,20,52,1,34,17,24,31,20
423,6,1,1.2083333333333333,3.3333333333333335,2.125,1.7083333333333333,20,52,1,34,17,24,31,20
424,0,3.3333333333333335,3.125,1.125,1.125,3.375,21,36,1,28,12,34,43,37
424,1,3.0833333333333335,2.9166666666666665,1.0833333333333333,1.125,3.5,21,36,1,28,12,34,43,37
424,2,3,2.9,1.25,1.15,3.5,21,36,1,28,12,34,43,37
424,3,3,2.625,1.0416666666666667,1.2083333333333333,3.5,21,36,1,28,12,34,43,37
424,4,2.5,2.1875,2,1.1666666666666667,3.6875,21,36,1,28,12,34,43,37
424,5,3,2.8125,1,1.1875,3.5625,21,36,1,28,12,34,43,37
424,6,3,2.75,1.125,1.3333333333333333,3.5,21,36,1,28,12,34,43,37
425,0,2.5833333333333335,2.5833333333333335,1.7916666666666667,2.2083333333333335,2.9583333333333335,19,20,0,30,26,32,37,32
425,1,3.3333333333333335,3.1666666666666665,1.0833333333333333,1.1666666666666667,4.125,19,20,0,30,26,32,37,32
425,2,3.9166666666666665,3.8333333333333335,1,1.0833333333333333,4.125,19,20,0,30,26,32,37,32
425,3,3.5833333333333335,3.0416666666666665,1.375,1,4,19,20,0,30,26,32,37,32
425,4,3.4166666666666665,3.0416666666666665,1.125,1,4.041666666666667,19,20,0,30,26,32,37,32
425,5,3.1666666666666665,1.5,1.2083333333333333,1.05,4,19,20,0,30,26,32,37,32
425,6,3,2.4166666666666665,1.2916666666666667,1.0833333333333333,4,19,20,0,30,26,32,37,32
427,0,3.5,2.9166666666666665,1.5833333333333333,1.0833333333333333,3.2083333333333335,24,23,1,25,22,38,36,40
427,1,2.7,2.3,1.95,1,2.9,24,23,1,25,22,38,36,40
427,2,3,2.1666666666666665,1.9166666666666667,1,2.8333333333333335,24,23,1,25,22,38,36,40
427,3,2.3,2.2083333333333335,2.1666666666666665,1.0416666666666667,2.9722222222222223,24,23,1,25,22,38,36,40
427,4,3,2.125,2.4166666666666665,1.125,2.6875,24,23,1,25,22,38,36,40
427,5,2.3333333333333335,2.5,2.375,1,2.8333333333333335,24,23,1,25,22,38,36,40
427,6,2.4166666666666665,2.4166666666666665,2.1666666666666665,1,3.486111111111111,24,23,1,25,22,38,36,40
428,0,2.7,1.9,2.45,2.3,2.9,27,23,1,25,21,45,24,32
428,1,1.75,1.625,2.25,2.3125,2.75,27,23,1,25,21,45,24,32
428,2,2.75,2.625,1.5625,2,3.125,27,23,1,25,21,45,24,32
428,3,2.3333333333333335,2.25,1.3333333333333333,1.75,3.1666666666666665,27,23,1,25,21,45,24,32
428,4,3.2,2.3,1.6,1.45,3.4,27,23,1,25,21,45,24,32
428,5,2.75,2.3333333333333335,2.0833333333333335,1.3125,3.0833333333333335,27,23,1,25,21,45,24,32
428,6,1.5,1,2.125,2.625,2.75,27,23,1,25,21,45,24,32
429,0,1.5,1.95,4.15,4.15,2.1,17,26,1,37,17,44,37,35
429,1,1.3333333333333333,1.4166666666666667,3.25,3.5833333333333335,2.4166666666666665,17,26,1,37,17,44,37,35
429,2,1,1.25,3.8333333333333335,3.875,1.6666666666666667,17,26,1,37,17,44,37,35
429,3,1.3333333333333333,1.7083333333333333,3.1666666666666665,3.375,2.4166666666666665,17,26,1,37,17,44,37,35
429,4,1,1.3125,3.8125,3.8125,2,17,26,1,37,17,44,37,35
429,5,1,1.25,3.125,3.375,2.5,17,26,1,37,17,44,37,35
429,6,1.25,1.1875,2.6875,3.375,2.5625,17,26,1,37,17,44,37,35
430,0,2.3,1.85,1.2,1.3,3.4,26,22,0,19,23,42,34,17
430,1,1.75,2,1.1666666666666667,1.5833333333333333,3.1666666666666665,26,22,0,19,23,42,34,17
430,2,1.75,1.8,1.6666666666666667,1.75,3.8,26,22,0,19,23,42,34,17
430,3,1.7,2.25,2.8125,1.55,3.5,26,22,0,19,23,42,34,17
430,4,4,NA,NA,2,2,26,22,0,19,23,42,34,17
430,5,NA,NA,NA,NA,NA,26,22,0,19,23,42,34,17
430,6,2,1.75,2,2.25,3,26,22,0,19,23,42,34,17
431,0,3.6,2.85,2.85,2.2,2.3,33,21,0,31,28,35,39,34
431,1,3.9,2.9,4,1.95,1.95,33,21,0,31,28,35,39,34
431,2,3.7,2.95,3.5,1.55,3.3,33,21,0,31,28,35,39,34
431,3,4.25,4.0625,2,1.25,3.125,33,21,0,31,28,35,39,34
431,4,3.0833333333333335,2.4166666666666665,3.7083333333333335,1.625,2.4166666666666665,33,21,0,31,28,35,39,34
431,5,3.75,3.5,2.5,1.35,3.4583333333333335,33,21,0,31,28,35,39,34
431,6,2.75,2.25,2.8333333333333335,1.1666666666666667,2.8333333333333335,33,21,0,31,28,35,39,34
432,0,2,1.75,2.4166666666666665,2.4166666666666665,2.5833333333333335,15,54,1,28,28,37,40,32
432,1,1.5,1.4166666666666667,2.25,2.4166666666666665,3,15,54,1,28,28,37,40,32
432,2,2.1,2,1.5,2.4,3.15,15,54,1,28,28,37,40,32
432,3,1.875,1.25,1.8125,2.25,3.1875,15,54,1,28,28,37,40,32
432,4,2.1666666666666665,1.6666666666666667,1.8333333333333333,2.4166666666666665,3.3333333333333335,15,54,1,28,28,37,40,32
432,5,2,1.6666666666666667,1.8333333333333333,2.3333333333333335,3.4166666666666665,15,54,1,28,28,37,40,32
432,6,2,1.5833333333333333,1.75,2.25,3.4166666666666665,15,54,1,28,28,37,40,32
433,0,3.5,1.95,1,1,4.55,20,23,0,22,18,46,40,39
433,1,3.3333333333333335,2.25,1.1875,1,4.166666666666667,20,23,0,22,18,46,40,39
433,2,3.2,1.75,1.2,1.25,3.95,20,23,0,22,18,46,40,39
433,3,3.6666666666666665,2.3333333333333335,1,1,4.25,20,23,0,22,18,46,40,39
433,4,3.5,2,1.2777777777777777,1.2,3.8333333333333335,20,23,0,22,18,46,40,39
433,5,3.1666666666666665,2,1,1.0833333333333333,3.9166666666666665,20,23,0,22,18,46,40,39
433,6,NA,NA,NA,NA,NA,20,23,0,22,18,46,40,39
434,0,3.5,2.2083333333333335,1.2916666666666667,1.5833333333333333,3.25,19,29,1,29,33,38,31,42
434,1,3.25,2.5,1.5833333333333333,1.25,3.4166666666666665,19,29,1,29,33,38,31,42
434,2,2.9166666666666665,2.1666666666666665,1.4583333333333333,1.375,3.0416666666666665,19,29,1,29,33,38,31,42
434,3,3.25,2.2916666666666665,1.1666666666666667,1,3.375,19,29,1,29,33,38,31,42
434,4,3,2.85,1.2,1.2,3.45,19,29,1,29,33,38,31,42
434,5,2.9166666666666665,2.4166666666666665,1.5416666666666667,1.5416666666666667,3.25,19,29,1,29,33,38,31,42
434,6,3.4166666666666665,2.6666666666666665,1.125,1.0416666666666667,3.4583333333333335,19,29,1,29,33,38,31,42
435,0,2.8333333333333335,2,2.2916666666666665,2.75,3.3333333333333335,23,18,1,32,25,17,25,25
435,1,3,1.9,2.8,2.8,2.95,23,18,1,32,25,17,25,25
435,2,2.3333333333333335,1.7916666666666667,1.9583333333333333,2.75,3.2083333333333335,23,18,1,32,25,17,25,25
435,3,2.1666666666666665,1.5,2.625,2.75,3.25,23,18,1,32,25,17,25,25
435,4,2,1.5,1.85,2.7,3.7,23,18,1,32,25,17,25,25
435,5,1.9166666666666667,1.0416666666666667,2.5416666666666665,3,3.125,23,18,1,32,25,17,25,25
435,6,2,1.625,2.375,2.75,3.125,23,18,1,32,25,17,25,25
436,0,2.7,2.35,2.25,2,2.85,18,22,1,36,22,23,25,33
436,1,2.5,2.25,2.5,2.4166666666666665,2.8333333333333335,18,22,1,36,22,23,25,33
436,2,2.0833333333333335,2.5,2.4,2.25,2.9444444444444446,18,22,1,36,22,23,25,33
436,3,2.1666666666666665,2.2,2.625,2.4166666666666665,2.986111111111111,18,22,1,36,22,23,25,33
436,4,2.3333333333333335,2.8333333333333335,2.375,2.1666666666666665,2.9583333333333335,18,22,1,36,22,23,25,33
436,5,2.25,2.3,2.4,2.3,2.7,18,22,1,36,22,23,25,33
436,6,2.3,2.45,2.875,2.4,3.15,18,22,1,36,22,23,25,33
437,0,3.4,4.45,1,1,2.9,28,42,1,26,23,35,28,38
437,1,4.666666666666667,4.583333333333333,1.4166666666666667,1.0416666666666667,3.125,28,42,1,26,23,35,28,38
437,2,1.6666666666666667,2,3.3333333333333335,1.25,2.6666666666666665,28,42,1,26,23,35,28,38
437,3,2.125,1,4.9375,2.6875,1.625,28,42,1,26,23,35,28,38
437,4,1.1666666666666667,1,4.25,2.9166666666666665,2.5833333333333335,28,42,1,26,23,35,28,38
437,5,3.3333333333333335,5,1.1666666666666667,1.1666666666666667,3,28,42,1,26,23,35,28,38
437,6,1.9,2.2,3.65,1.95,2.95,28,42,1,26,23,35,28,38
439,0,1.5,1.4166666666666667,3.8333333333333335,3.1666666666666665,2.6666666666666665,28,34,1,29,25,45,28,26
439,1,1.75,2.75,2.25,2.125,2.75,28,34,1,29,25,45,28,26
439,2,2.25,2.3333333333333335,2,1.5,3,28,34,1,29,25,45,28,26
439,3,1.75,1.9375,2.125,1.125,2.3333333333333335,28,34,1,29,25,45,28,26
439,4,2.5,2.4375,2.25,2.3125,2.9375,28,34,1,29,25,45,28,26
439,5,3,2.75,2.9166666666666665,1.625,2.7291666666666665,28,34,1,29,25,45,28,26
439,6,3,3.25,2.8125,2.65,2.85,28,34,1,29,25,45,28,26
440,0,NA,NA,NA,NA,NA,12,20,0,35,14,43,39,30
440,1,NA,NA,NA,NA,NA,12,20,0,35,14,43,39,30
440,2,NA,NA,NA,NA,NA,12,20,0,35,14,43,39,30
440,3,NA,NA,NA,NA,NA,12,20,0,35,14,43,39,30
440,4,NA,NA,NA,NA,NA,12,20,0,35,14,43,39,30
440,5,NA,NA,NA,NA,NA,12,20,0,35,14,43,39,30
440,6,NA,NA,NA,NA,NA,12,20,0,35,14,43,39,30
441,0,3,2.8333333333333335,1.0416666666666667,1.2083333333333333,3.5,22,23,0,27,20,33,31,28
441,1,2.75,2.125,1.25,1.4583333333333333,2.75,22,23,0,27,20,33,31,28
441,2,2.3333333333333335,2,1.0416666666666667,1.1666666666666667,2.9166666666666665,22,23,0,27,20,33,31,28
441,3,1.9,1.85,1.45,1.7,2.45,22,23,0,27,20,33,31,28
441,4,2,1.9583333333333333,1.25,1.2916666666666667,2.9583333333333335,22,23,0,27,20,33,31,28
441,5,2.0833333333333335,2,1.2916666666666667,1.3333333333333333,2.7083333333333335,22,23,0,27,20,33,31,28
441,6,2.6,2.3,1.15,1.4,2.65,22,23,0,27,20,33,31,28
442,0,3.7,3.35,1.25,2.1,3.45,10,25,0,23,22,47,35,17
442,1,3.1666666666666665,2.8333333333333335,1.5,2.5833333333333335,3.0416666666666665,10,25,0,23,22,47,35,17
442,2,2.5,3.0416666666666665,2.25,2.5416666666666665,2.4166666666666665,10,25,0,23,22,47,35,17
442,3,4.375,4.1875,1.5,2,3,10,25,0,23,22,47,35,17
442,4,3.125,3,2.25,2.625,2.6875,10,25,0,23,22,47,35,17
442,5,3,3.15,1.7,2.35,3.1,10,25,0,23,22,47,35,17
442,6,2.5,2.4,2.35,2.8,2.45,10,25,0,23,22,47,35,17
443,0,3.0833333333333335,2.7083333333333335,1.0833333333333333,1.6666666666666667,3.2083333333333335,19,60,1,18,36,36,36,36
443,1,3.6666666666666665,3.3333333333333335,1,1.25,3.1666666666666665,19,60,1,18,36,36,36,36
443,2,3.1666666666666665,3.3333333333333335,1.0416666666666667,1.2916666666666667,3.25,19,60,1,18,36,36,36,36
443,3,3.6,3.55,1,1.4,3.75,19,60,1,18,36,36,36,36
443,4,4,3.95,1.35,1,3.35,19,60,1,18,36,36,36,36
443,5,3.9166666666666665,3.75,1.5416666666666667,1,2.7916666666666665,19,60,1,18,36,36,36,36
443,6,3.75,3.875,1.375,1,3.5416666666666665,19,60,1,18,36,36,36,36
444,0,1.8333333333333333,1.5416666666666667,2.9166666666666665,2.625,1.625,22,30,1,34,26,37,42,33
444,1,1.6,1.3,2.3,2.65,1.7,22,30,1,34,26,37,42,33
444,2,2.0833333333333335,1.3333333333333333,2.4583333333333335,2.1666666666666665,1.875,22,30,1,34,26,37,42,33
444,3,1.5833333333333333,1.2916666666666667,3,2.7916666666666665,1.5416666666666667,22,30,1,34,26,37,42,33
444,4,1.25,1.125,2.875,3.625,2.125,22,30,1,34,26,37,42,33
444,5,3,1.25,3.75,2.75,1.75,22,30,1,34,26,37,42,33
444,6,3,1.3333333333333333,3.4166666666666665,3.0833333333333335,2,22,30,1,34,26,37,42,33
445,0,3.0833333333333335,3.375,1,1.0833333333333333,3.2916666666666665,16,65,1,26,27,41,38,38
445,1,3.9166666666666665,4.25,1,1.0833333333333333,3.375,16,65,1,26,27,41,38,38
445,2,3.7,4,1.1,1.15,3.05,16,65,1,26,27,41,38,38
445,3,3.75,3.9166666666666665,1,1,3.4583333333333335,16,65,1,26,27,41,38,38
445,4,3.8333333333333335,3.875,1.125,1,2.875,16,65,1,26,27,41,38,38
445,5,3.6666666666666665,3.7083333333333335,1.7916666666666667,1.4583333333333333,2.875,16,65,1,26,27,41,38,38
445,6,3.1,3.15,1.8,1.65,2.75,16,65,1,26,27,41,38,38
449,0,3.1666666666666665,2.4166666666666665,1.0416666666666667,1,3.7083333333333335,17,41,1,20,26,33,38,35
449,1,3.3333333333333335,2.6666666666666665,1.0833333333333333,1,4,17,41,1,20,26,33,38,35
449,2,2.9166666666666665,2.4583333333333335,1.4166666666666667,1.125,3.7083333333333335,17,41,1,20,26,33,38,35
449,3,2.75,2.375,1,1,3.7083333333333335,17,41,1,20,26,33,38,35
449,4,2.9166666666666665,2.5,1.0833333333333333,1,3.8333333333333335,17,41,1,20,26,33,38,35
449,5,2.9166666666666665,2.5,1.0833333333333333,1,3.5833333333333335,17,41,1,20,26,33,38,35
449,6,2.5,2,1.1666666666666667,1,3.5,17,41,1,20,26,33,38,35
450,0,1.6666666666666667,1.6666666666666667,2.2916666666666665,2.2083333333333335,2.9166666666666665,24,25,0,24,17,30,36,38
450,1,1.3,1.2,2.55,2.6,2.5,24,25,0,24,17,30,36,38
450,2,1.625,1.75,2.5,2.125,2.5625,24,25,0,24,17,30,36,38
450,3,1.8,1.75,2.55,2.1,2.8,24,25,0,24,17,30,36,38
450,4,2,1.3125,2.5625,2,2.625,24,25,0,24,17,30,36,38
450,5,2.2,1.25,2.8,2.15,2.75,24,25,0,24,17,30,36,38
450,6,1.5833333333333333,1.5,1.75,2,2.4722222222222223,24,25,0,24,17,30,36,38
451,0,2,1.7,1.35,1.5,3.35,18,27,1,34,24,37,31,30
451,1,1,1,3.4375,3.75,2.125,18,27,1,34,24,37,31,30
451,2,1,1.25,1.7083333333333333,2.6666666666666665,2.9166666666666665,18,27,1,34,24,37,31,30
451,3,1,2.0833333333333335,1.3,2.5,3.111111111111111,18,27,1,34,24,37,31,30
451,4,1.25,1.9375,2.1,2.8333333333333335,3.0416666666666665,18,27,1,34,24,37,31,30
451,5,1.6666666666666667,2.1,1.2,1.9166666666666667,2.5972222222222223,18,27,1,34,24,37,31,30
451,6,2,2.625,1,1.2083333333333333,3,18,27,1,34,24,37,31,30
453,0,1,1.125,2.25,2.5,2.625,20,50,0,39,14,33,39,21
453,1,1,1.0833333333333333,2.6666666666666665,2.9166666666666665,2.5833333333333335,20,50,0,39,14,33,39,21
453,2,1,1,2.4375,3.1875,2.625,20,50,0,39,14,33,39,21
453,3,1,1,2.875,3.375,2.75,20,50,0,39,14,33,39,21
453,4,1,1,3.375,3.125,2.625,20,50,0,39,14,33,39,21
453,5,1,1,3.25,3.3333333333333335,2.5,20,50,0,39,14,33,39,21
453,6,1,1,3.9375,3.3125,2,20,50,0,39,14,33,39,21
454,0,3,2.15,2.15,2.55,2.65,19,55,1,24,24,28,39,35
454,1,3,2.25,1.9166666666666667,2.2083333333333335,3.125,19,55,1,24,24,28,39,35
454,2,2.8333333333333335,2.125,1.8333333333333333,2.125,3,19,55,1,24,24,28,39,35
454,3,2.5,1.4583333333333333,2.25,2.2916666666666665,2.5416666666666665,19,55,1,24,24,28,39,35
454,4,2.6666666666666665,1.8333333333333333,1.5,1.7916666666666667,3.5,19,55,1,24,24,28,39,35
454,5,2.5833333333333335,1.9166666666666667,1.8333333333333333,2.0416666666666665,3.2916666666666665,19,55,1,24,24,28,39,35
454,6,3.1666666666666665,2.25,1.375,1.5833333333333333,3.9583333333333335,19,55,1,24,24,28,39,35
455,0,2.5,3.125,1.4583333333333333,1.5416666666666667,3.3333333333333335,21,26,1,22,23,38,33,33
455,1,2.5833333333333335,3.1666666666666665,1.7083333333333333,1.3333333333333333,3.4166666666666665,21,26,1,22,23,38,33,33
455,2,3.2,2.95,1.45,1.45,3.3,21,26,1,22,23,38,33,33
455,3,1.9,2.2,1.95,1.65,3.2,21,26,1,22,23,38,33,33
455,4,2.3,2.7,2.5,1.9,3.15,21,26,1,22,23,38,33,33
455,5,2.3,2.55,2.45,1.8,3.15,21,26,1,22,23,38,33,33
455,6,3.3,3.25,1.7,1.4,3.3,21,26,1,22,23,38,33,33
456,0,3.25,2.5416666666666665,1.25,1.625,3.5,21,20,NA,24,32,38,29,27
456,1,3.25,2.5,1.05,1.15,3.0416666666666665,21,20,NA,24,32,38,29,27
456,2,3.875,3.1875,1.0625,1,2.5625,21,20,NA,24,32,38,29,27
456,3,3.3,2.3,1.2,1.4,2.5,21,20,NA,24,32,38,29,27
456,4,3.4,2.55,1.1,1.2,2.45,21,20,NA,24,32,38,29,27
456,5,4,3.4583333333333335,1,1.0833333333333333,2.6666666666666665,21,20,NA,24,32,38,29,27
456,6,3.5833333333333335,2.8333333333333335,1.2083333333333333,1.0416666666666667,2.7083333333333335,21,20,NA,24,32,38,29,27
457,0,1.4,1.25,2.3,2.1,2.5,19,24,1,31,31,31,38,34
457,1,1.125,1,3.0625,2.9375,1.9375,19,24,1,31,31,31,38,34
457,2,1.2,1.15,1.9,1.95,2.65,19,24,1,31,31,31,38,34
457,3,1.5,1.25,1.85,2,2.7,19,24,1,31,31,31,38,34
457,4,1.8,1.25,1.9,1.9,2.9,19,24,1,31,31,31,38,34
457,5,1.5,1.05,2.05,1.95,2.8,19,24,1,31,31,31,38,34
457,6,1.5,1.0833333333333333,2.6666666666666665,1.9166666666666667,2.5,19,24,1,31,31,31,38,34
458,0,1.75,3.2666666666666666,1.1875,1.05,2.9166666666666665,17,39,1,29,21,32,30,34
458,1,2.75,3.75,1.1875,1,3.1,17,39,1,29,21,32,30,34
458,2,1.75,2,2.0416666666666665,1.0416666666666667,3.125,17,39,1,29,21,32,30,34
458,3,1.625,2.1875,1.5625,1,3.375,17,39,1,29,21,32,30,34
458,4,1,1.0833333333333333,1.25,1,3.1666666666666665,17,39,1,29,21,32,30,34
458,5,NA,NA,NA,NA,NA,17,39,1,29,21,32,30,34
458,6,4,4.25,1,1.4166666666666667,2.5,17,39,1,29,21,32,30,34
459,0,3.7,2.85,1.8,2.25,3.3,15,61,0,31,12,33,36,37
459,1,3.375,3.0625,1.9375,2.1875,3.25,15,61,0,31,12,33,36,37
459,2,2.5,1.6666666666666667,3.4166666666666665,2.9166666666666665,2.3333333333333335,15,61,0,31,12,33,36,37
459,3,NA,NA,NA,NA,NA,15,61,0,31,12,33,36,37
459,4,3,2,1.25,1.75,3,15,61,0,31,12,33,36,37
459,5,2.875,2.5,1.75,1.8125,3.875,15,61,0,31,12,33,36,37
459,6,2.8333333333333335,2.6666666666666665,1.5833333333333333,1.5833333333333333,4.083333333333333,15,61,0,31,12,33,36,37
461,0,2.125,2.3125,1.125,1.1875,2.75,21,33,1,21,29,38,36,35
461,1,3.5,2.75,1,1,3.25,21,33,1,21,29,38,36,35
461,2,2.2,2.2,1.55,1.15,3.25,21,33,1,21,29,38,36,35
461,3,3,3.25,1.25,1.0625,4,21,33,1,21,29,38,36,35
461,4,2.9166666666666665,2.3333333333333335,1.3333333333333333,1.25,3.0833333333333335,21,33,1,21,29,38,36,35
461,5,2.4,2.6,1.1,1.15,3.65,21,33,1,21,29,38,36,35
461,6,2.5,2.6875,1.0625,1.1875,4.0625,21,33,1,21,29,38,36,35
462,0,3,2.4583333333333335,1.0416666666666667,1,3.7083333333333335,24,52,1,18,28,43,39,35
462,1,2.25,1.6666666666666667,1.0416666666666667,1.375,3.5833333333333335,24,52,1,18,28,43,39,35
462,2,2.4,2.05,1.05,1.15,3.55,24,52,1,18,28,43,39,35
462,3,1.75,1.0833333333333333,1.25,1.4166666666666667,3.25,24,52,1,18,28,43,39,35
462,4,2.125,1.1875,1.3125,1.125,3.4375,24,52,1,18,28,43,39,35
462,5,2.1666666666666665,1.3333333333333333,1,1.1666666666666667,3.2916666666666665,24,52,1,18,28,43,39,35
462,6,2.1666666666666665,1.45,1,1.0416666666666667,3.6666666666666665,24,52,1,18,28,43,39,35
463,0,4.416666666666667,4.583333333333333,1.0833333333333333,1,4.916666666666667,33,27,1,26,21,43,34,39
463,1,4.833333333333333,4.75,1.0416666666666667,1,4.916666666666667,33,27,1,26,21,43,34,39
463,2,3.8333333333333335,4.041666666666667,1.25,1.0416666666666667,4.625,33,27,1,26,21,43,34,39
463,3,4.25,4.375,1.125,1.1666666666666667,4.416666666666667,33,27,1,26,21,43,34,39
463,4,4.8,4.8,1.15,1,4.6,33,27,1,26,21,43,34,39
463,5,4.583333333333333,4.833333333333333,1,1,4.416666666666667,33,27,1,26,21,43,34,39
463,6,4.333333333333333,4.541666666666667,1,1,4.541666666666667,33,27,1,26,21,43,34,39
464,0,4.5,5,1.0833333333333333,1,3.4166666666666665,19,23,1,27,26,46,31,28
464,1,5,5,1.25,1,3.5833333333333335,19,23,1,27,26,46,31,28
464,2,4.9,4.55,1.15,1.05,2.95,19,23,1,27,26,46,31,28
464,3,4.9,4.5,1.9375,1.1,2.6,19,23,1,27,26,46,31,28
464,4,4.166666666666667,3.6666666666666665,1,1.0833333333333333,2.8333333333333335,19,23,1,27,26,46,31,28
464,5,3.5,3.9166666666666665,1,1.1,3.0166666666666666,19,23,1,27,26,46,31,28
464,6,4.6,3.5,2,1.15,3.466666666666667,19,23,1,27,26,46,31,28
465,0,3.6666666666666665,3.0833333333333335,1.1666666666666667,1.4166666666666667,3.9583333333333335,14,48,1,29,18,35,31,39
465,1,3.6666666666666665,3.0833333333333335,1.125,1.125,3.9583333333333335,14,48,1,29,18,35,31,39
465,2,3.7,2.7,1.2,1.45,3.4,14,48,1,29,18,35,31,39
465,3,3.8333333333333335,2.625,1.5833333333333333,1.4583333333333333,3.375,14,48,1,29,18,35,31,39
465,4,3.75,3,1.125,1.0833333333333333,3.6666666666666665,14,48,1,29,18,35,31,39
465,5,3.4166666666666665,2.3333333333333335,1.5,1.3333333333333333,3.5,14,48,1,29,18,35,31,39
465,6,3.4,2.5,1.35,1,3.3,14,48,1,29,18,35,31,39
466,0,NA,NA,NA,NA,NA,35,18,1,34,31,37,34,31
466,1,3,4,1.5,1,3,35,18,1,34,31,37,34,31
466,2,1,4.5,1,1,3.6666666666666665,35,18,1,34,31,37,34,31
466,3,NA,3.6666666666666665,2,1,3,35,18,1,34,31,37,34,31
466,4,NA,NA,NA,NA,NA,35,18,1,34,31,37,34,31
466,5,NA,NA,NA,NA,NA,35,18,1,34,31,37,34,31
466,6,NA,NA,NA,NA,NA,35,18,1,34,31,37,34,31
468,0,2,2.5,4.25,3.25,2,16,50,1,34,23,31,31,34
468,1,NA,NA,NA,NA,NA,16,50,1,34,23,31,31,34
468,2,NA,NA,NA,NA,NA,16,50,1,34,23,31,31,34
468,3,NA,NA,NA,NA,NA,16,50,1,34,23,31,31,34
468,4,NA,NA,NA,NA,NA,16,50,1,34,23,31,31,34
468,5,NA,NA,NA,NA,NA,16,50,1,34,23,31,31,34
468,6,NA,NA,NA,NA,NA,16,50,1,34,23,31,31,34
469,0,NA,NA,NA,NA,NA,NA,28,0,NA,NA,NA,NA,NA
469,1,NA,NA,NA,NA,NA,NA,28,0,NA,NA,NA,NA,NA
469,2,NA,NA,NA,NA,NA,NA,28,0,NA,NA,NA,NA,NA
469,3,NA,NA,NA,NA,NA,NA,28,0,NA,NA,NA,NA,NA
469,4,NA,NA,NA,NA,NA,NA,28,0,NA,NA,NA,NA,NA
469,5,NA,NA,NA,NA,NA,NA,28,0,NA,NA,NA,NA,NA
469,6,NA,NA,NA,NA,NA,NA,28,0,NA,NA,NA,NA,NA
470,0,2.125,2.1875,1.75,1.375,3.25,22,31,0,28,23,41,39,26
470,1,1.8,1.9,2.05,1.95,2.8,22,31,0,28,23,41,39,26
470,2,1.3333333333333333,1.3472222222222223,3.0833333333333335,3.0416666666666665,2.375,22,31,0,28,23,41,39,26
470,3,3.1666666666666665,3,1.3333333333333333,1.5416666666666667,3.3333333333333335,22,31,0,28,23,41,39,26
470,4,2.8333333333333335,2.9583333333333335,1.4166666666666667,1.0416666666666667,3.4166666666666665,22,31,0,28,23,41,39,26
470,5,2.9,2.75,1.5,1,3.5,22,31,0,28,23,41,39,26
470,6,2.6666666666666665,2.6666666666666665,1.0833333333333333,1,3.3333333333333335,22,31,0,28,23,41,39,26
471,0,3.5,2.4166666666666665,1,1.2916666666666667,3.6666666666666665,34,25,0,26,24,44,33,37
471,1,3.3,2.4,1.1,1.3,3.7,34,25,0,26,24,44,33,37
471,2,2.75,2.566666666666667,1.0416666666666667,1,3.5833333333333335,34,25,0,26,24,44,33,37
471,3,3.5,3.15,1,1,3.05,34,25,0,26,24,44,33,37
471,4,3.0833333333333335,2.9833333333333334,1,1,3.1666666666666665,34,25,0,26,24,44,33,37
471,5,1.9166666666666667,1.2083333333333333,1.7083333333333333,2.3333333333333335,2.5,34,25,0,26,24,44,33,37
471,6,3.3,2.8,1,1,3.45,34,25,0,26,24,44,33,37
472,0,3.7,2.85,1.45,1.45,3.5,22,21,1,26,17,28,27,28
472,1,3.8,3.3,1.6,1.4,2.75,22,21,1,26,17,28,27,28
472,2,4,3.375,1.1875,1,3.5625,22,21,1,26,17,28,27,28
472,3,3.6666666666666665,2.5416666666666665,1.6666666666666667,1.5416666666666667,3.1666666666666665,22,21,1,26,17,28,27,28
472,4,3.5,3.15,1.25,1.45,2.7,22,21,1,26,17,28,27,28
472,5,4,3.5,1.0833333333333333,1.0416666666666667,3,22,21,1,26,17,28,27,28
472,6,3.875,3.5,1.1875,1.0625,3.0625,22,21,1,26,17,28,27,28
473,0,2,1.4166666666666667,3.25,3.2916666666666665,1.8333333333333333,10,25,1,40,8,23,36,39
473,1,2.4166666666666665,2.5,1.4166666666666667,2.125,3.75,10,25,1,40,8,23,36,39
473,2,1.5,1,3.75,3.4166666666666665,1.7083333333333333,10,25,1,40,8,23,36,39
473,3,1.1,1.1,3.45,3.55,1.75,10,25,1,40,8,23,36,39
473,4,1.5,1.25,3.35,2.95,2.2,10,25,1,40,8,23,36,39
473,5,1.5,1,2.75,3.0625,2.5625,10,25,1,40,8,23,36,39
473,6,2.75,2.9166666666666665,1.0416666666666667,1.75,3.4583333333333335,10,25,1,40,8,23,36,39
474,0,2.9,1.85,1.65,1.4,3.15,16,21,1,30,26,29,39,29
474,1,2.3333333333333335,1.875,1.7916666666666667,1.5833333333333333,3.0416666666666665,16,21,1,30,26,29,39,29
474,2,3.3,2.9,1.3,1.35,3.7,16,21,1,30,26,29,39,29
474,3,2.25,1.5416666666666667,2.125,2.125,2.25,16,21,1,30,26,29,39,29
474,4,2.7,1.95,1.35,1.3,3.45,16,21,1,30,26,29,39,29
474,5,2.5,1.95,1.8666666666666667,1.5,2.9,16,21,1,30,26,29,39,29
474,6,2.25,1.8472222222222223,2.0833333333333335,1.7083333333333333,2.5,16,21,1,30,26,29,39,29
475,0,1.2,1.7,2.25,2.6,2.85,21,22,1,30,22,40,33,29
475,1,1,1.8125,2.1875,2.3333333333333335,3.125,21,22,1,30,22,40,33,29
475,2,1,2,2.65,2.75,2.7,21,22,1,30,22,40,33,29
475,3,1.25,2.5,2.25,2.25,2.875,21,22,1,30,22,40,33,29
475,4,1.6666666666666667,1.75,3.1666666666666665,2.8333333333333335,2.3333333333333335,21,22,1,30,22,40,33,29
475,5,1.375,1.8125,3.5625,3.5,2.1875,21,22,1,30,22,40,33,29
475,6,1.1666666666666667,1.9166666666666667,3.1666666666666665,3.0833333333333335,2.1666666666666665,21,22,1,30,22,40,33,29
479,0,1.875,2,2.375,3.75,2.125,16,53,1,32,24,31,26,22
479,1,2.4,2.8,3.4,3.75,1.9,16,53,1,32,24,31,26,22
479,2,4,3.75,1.5833333333333333,1.9166666666666667,2.9166666666666665,16,53,1,32,24,31,26,22
479,3,2,2.5,3.0833333333333335,2.9166666666666665,2.1666666666666665,16,53,1,32,24,31,26,22
479,4,2.6666666666666665,2.5,3.1666666666666665,3.6666666666666665,1.8333333333333333,16,53,1,32,24,31,26,22
479,5,1.75,2.25,3.5,4.375,2,16,53,1,32,24,31,26,22
479,6,2.4,2.65,2.4,2.6,2.5,16,53,1,32,24,31,26,22
480,0,3.6666666666666665,3.2916666666666665,1.375,1.2083333333333333,3.625,17,28,1,25,33,30,40,41
480,1,3.0833333333333335,3.375,1.5,1.1666666666666667,3.5,17,28,1,25,33,30,40,41
480,2,3.4166666666666665,3.1666666666666665,1.875,1.25,3.0416666666666665,17,28,1,25,33,30,40,41
480,3,3.1,3.25,1.9,1.4,2.8,17,28,1,25,33,30,40,41
480,4,3.75,3.9583333333333335,1.2916666666666667,1.0833333333333333,3,17,28,1,25,33,30,40,41
480,5,3.75,3.4166666666666665,1.3333333333333333,1.1666666666666667,3.7083333333333335,17,28,1,25,33,30,40,41
480,6,3.9,4.1,1.15,1,3.7,17,28,1,25,33,30,40,41
481,0,3,2.8333333333333335,1.25,1,3.75,15,26,1,13,20,18,14,19
481,1,3.25,2.9583333333333335,1.4583333333333333,1.15,3.375,15,26,1,13,20,18,14,19
481,2,3.4,2.8,1.15,1,3.8,15,26,1,13,20,18,14,19
481,3,4.416666666666667,4.333333333333333,1.125,1.0416666666666667,3.375,15,26,1,13,20,18,14,19
481,4,3.0833333333333335,2.9583333333333335,1.2083333333333333,1,3.375,15,26,1,13,20,18,14,19
481,5,3,2.9,1.05,1,3.3,15,26,1,13,20,18,14,19
481,6,2.9166666666666665,2.6666666666666665,1.625,1.3333333333333333,2.875,15,26,1,13,20,18,14,19
482,0,1.4166666666666667,1.75,3.6666666666666665,3.6666666666666665,2,18,44,1,28,25,48,35,41
482,1,NA,NA,NA,NA,NA,18,44,1,28,25,48,35,41
482,2,1.5833333333333333,1.75,2.75,2.875,2.4583333333333335,18,44,1,28,25,48,35,41
482,3,2,1.85,2.25,2.2,2.85,18,44,1,28,25,48,35,41
482,4,2.1666666666666665,1.9166666666666667,1.625,1.7083333333333333,3.0833333333333335,18,44,1,28,25,48,35,41
482,5,1.5,1.5,2.25,2.5416666666666665,2.5,18,44,1,28,25,48,35,41
482,6,2.25,2.1,1.45,1.45,2.9,18,44,1,28,25,48,35,41
483,0,1.4,1.3,3.2,3,2.95,25,39,1,28,18,36,32,33
483,1,1.6666666666666667,1.6666666666666667,2.5833333333333335,2.6666666666666665,3.5,25,39,1,28,18,36,32,33
483,2,1.5,1.625,2.875,3.1666666666666665,3.125,25,39,1,28,18,36,32,33
483,3,1.6666666666666667,1.9583333333333333,2.875,2.875,3.0416666666666665,25,39,1,28,18,36,32,33
483,4,2.5,2.5416666666666665,1.8333333333333333,2.2916666666666665,3.7916666666666665,25,39,1,28,18,36,32,33
483,5,1.5833333333333333,2,3.2083333333333335,3.125,3.0833333333333335,25,39,1,28,18,36,32,33
483,6,2.0833333333333335,2.7916666666666665,2.125,2.1666666666666665,3.8333333333333335,25,39,1,28,18,36,32,33
484,0,3.25,1.9861111111111112,1.75,1.375,3.2083333333333335,23,19,0,22,29,38,34,34
484,1,3.125,2.4375,1.625,1.4375,3.375,23,19,0,22,29,38,34,34
484,2,3.0833333333333335,2.375,1.6388888888888888,1.2,3.25,23,19,0,22,29,38,34,34
484,3,2.8333333333333335,2.3333333333333335,1.5833333333333333,1.25,3.125,23,19,0,22,29,38,34,34
484,4,2.5833333333333335,1.8888888888888888,1.6944444444444444,1.2,3.2777777777777777,23,19,0,22,29,38,34,34
484,5,2.8,1.625,1.75,1.1875,3.1,23,19,0,22,29,38,34,34
484,6,2.7,2,1.9833333333333334,1.25,3.2,23,19,0,22,29,38,34,34
485,0,2.8,2.55,1.15,1.3,3.6,21,43,1,19,26,32,40,37
485,1,2.3333333333333335,2.0833333333333335,1.25,1.2916666666666667,3.4166666666666665,21,43,1,19,26,32,40,37
485,2,1.3333333333333333,1.6666666666666667,1,1.2916666666666667,3.4583333333333335,21,43,1,19,26,32,40,37
485,3,2.25,2.125,1.4583333333333333,1.2916666666666667,3.1666666666666665,21,43,1,19,26,32,40,37
485,4,2.4,2.6,1.4,1.2,3.2,21,43,1,19,26,32,40,37
485,5,2.2,2.1333333333333333,1.875,1.2,3.05,21,43,1,19,26,32,40,37
485,6,2.1,2,1.7,1.05,2.8,21,43,1,19,26,32,40,37
486,0,2.0833333333333335,2.375,1.2083333333333333,1.0833333333333333,3.1666666666666665,22,26,1,24,17,31,25,33
486,1,2.25,2.625,1,1,3.4583333333333335,22,26,1,24,17,31,25,33
486,2,1.9,2.5,1,1.15,3.15,22,26,1,24,17,31,25,33
486,3,2.1666666666666665,1.7083333333333333,1.4166666666666667,1.2916666666666667,2.8333333333333335,22,26,1,24,17,31,25,33
486,4,2,1.5,1.25,1.2,2.75,22,26,1,24,17,31,25,33
486,5,2,1.75,1.1666666666666667,1.05,3.15,22,26,1,24,17,31,25,33
486,6,2,2.25,1.4375,1.6875,3.125,22,26,1,24,17,31,25,33
487,0,NA,NA,NA,NA,NA,13,63,1,NA,NA,NA,NA,NA
487,1,NA,NA,NA,NA,NA,13,63,1,NA,NA,NA,NA,NA
487,2,NA,NA,NA,NA,NA,13,63,1,NA,NA,NA,NA,NA
487,3,NA,NA,NA,NA,NA,13,63,1,NA,NA,NA,NA,NA
487,4,NA,NA,NA,NA,NA,13,63,1,NA,NA,NA,NA,NA
487,5,NA,NA,NA,NA,NA,13,63,1,NA,NA,NA,NA,NA
487,6,NA,NA,NA,NA,NA,13,63,1,NA,NA,NA,NA,NA
488,0,2.1666666666666665,1.5,1.7916666666666667,1.875,2.875,24,32,1,32,21,36,28,32
488,1,1.6666666666666667,1.1666666666666667,2,2.25,2.4583333333333335,24,32,1,32,21,36,28,32
488,2,1.5833333333333333,1.5416666666666667,1.2916666666666667,1.625,2.875,24,32,1,32,21,36,28,32
488,3,1.4,1.1,1.65,1.95,2.9,24,32,1,32,21,36,28,32
488,4,1.5,1.375,1.9166666666666667,2.4166666666666665,2.4583333333333335,24,32,1,32,21,36,28,32
488,5,1,1.05,2.85,2.7,1.9,24,32,1,32,21,36,28,32
488,6,1.0833333333333333,1.1666666666666667,2,2.4583333333333335,2.25,24,32,1,32,21,36,28,32
489,0,2.6,2.35,1,1,3.2,25,37,0,27,22,40,28,24
489,1,2.6666666666666665,2.5,1,1,3.2916666666666665,25,37,0,27,22,40,28,24
489,2,2,1.9,1.3,1.2,2.8,25,37,0,27,22,40,28,24
489,3,2.125,2,1.0625,1.1875,2.6875,25,37,0,27,22,40,28,24
489,4,3.8333333333333335,3.5,1.0833333333333333,1,3.75,25,37,0,27,22,40,28,24
489,5,3.25,3.0833333333333335,1,1,4.083333333333333,25,37,0,27,22,40,28,24
489,6,2.625,2.375,1.125,2,3.5,25,37,0,27,22,40,28,24
490,0,3.5,2.9583333333333335,3.0833333333333335,3.0416666666666665,2.4166666666666665,17,23,1,37,22,30,38,39
490,1,3.5,3.3333333333333335,2.5,2.0833333333333335,2.9166666666666665,17,23,1,37,22,30,38,39
490,2,3.625,2.5625,3.5,3.4375,2.5625,17,23,1,37,22,30,38,39
490,3,3.75,2.5,2.875,2.75,2.75,17,23,1,37,22,30,38,39
490,4,3.125,2.75,2.9375,3,2.4375,17,23,1,37,22,30,38,39
490,5,3.75,3.25,2.375,2.375,3,17,23,1,37,22,30,38,39
490,6,NA,NA,NA,NA,NA,17,23,1,37,22,30,38,39
491,0,2,2.15,1,1.1,3.05,24,23,0,19,18,34,32,31
491,1,1.3,3,1,1,3,24,23,0,19,18,34,32,31
491,2,1,2.4583333333333335,1.0416666666666667,1.0833333333333333,3,24,23,0,19,18,34,32,31
491,3,1.1666666666666667,3.3333333333333335,1,1,3,24,23,0,19,18,34,32,31
491,4,1.5,3.15,1.05,1.2,2.95,24,23,0,19,18,34,32,31
491,5,1.2,2.75,1,1.3,2.95,24,23,0,19,18,34,32,31
491,6,1.25,2.8125,1,1.1875,2.9375,24,23,0,19,18,34,32,31
492,0,3.5,3.4583333333333335,1.75,1.875,2.5416666666666665,NA,24,0,18,18,35,33,34
492,1,3.5,3.625,2,1.7083333333333333,3.4027777777777777,NA,24,0,18,18,35,33,34
492,2,3.6,4.15,1.5833333333333333,1,3.0277777777777777,NA,24,0,18,18,35,33,34
492,3,3.5833333333333335,4.041666666666667,1.8333333333333333,1.4166666666666667,3.0416666666666665,NA,24,0,18,18,35,33,34
492,4,3.5,3.375,2.1875,1.375,2.75,NA,24,0,18,18,35,33,34
492,5,4,4.166666666666667,2.3,1.2,2.933333333333333,NA,24,0,18,18,35,33,34
492,6,3.9,3.4375,2.05,1.4583333333333333,3,NA,24,0,18,18,35,33,34
493,0,4.9,4.85,1.2,1.1,3.65,NA,24,1,NA,NA,NA,NA,NA
493,1,5,5,1,1,3.95,NA,24,1,NA,NA,NA,NA,NA
493,2,5,5,1,1,3.7916666666666665,NA,24,1,NA,NA,NA,NA,NA
493,3,5,5,1,1,4,NA,24,1,NA,NA,NA,NA,NA
493,4,5,5,1,1,4,NA,24,1,NA,NA,NA,NA,NA
493,5,5,5,1,1,3.9583333333333335,NA,24,1,NA,NA,NA,NA,NA
493,6,4.583333333333333,4.375,1.4722222222222223,1.5,3.5833333333333335,NA,24,1,NA,NA,NA,NA,NA
496,0,NA,NA,NA,NA,NA,34,23,0,15,27,37,41,39
496,1,NA,NA,NA,NA,NA,34,23,0,15,27,37,41,39
496,2,NA,NA,NA,NA,NA,34,23,0,15,27,37,41,39
496,3,NA,NA,NA,NA,NA,34,23,0,15,27,37,41,39
496,4,NA,NA,NA,NA,NA,34,23,0,15,27,37,41,39
496,5,NA,NA,NA,NA,NA,34,23,0,15,27,37,41,39
496,6,NA,NA,NA,NA,NA,34,23,0,15,27,37,41,39
497,0,4,5,1.6666666666666667,2.5833333333333335,3.1666666666666665,NA,52,1,NA,NA,NA,NA,NA
497,1,4.6,5,1.95,2.9,2.65,NA,52,1,NA,NA,NA,NA,NA
497,2,4.583333333333333,5,2.625,2.9583333333333335,2.7916666666666665,NA,52,1,NA,NA,NA,NA,NA
497,3,4.4,4.9,2.6,2.7,3.3,NA,52,1,NA,NA,NA,NA,NA
497,4,3.8,4.8,2.25,2.45,2.8,NA,52,1,NA,NA,NA,NA,NA
497,5,4.2,4.4,1.7,2,3.25,NA,52,1,NA,NA,NA,NA,NA
497,6,4.166666666666667,4.833333333333333,2.2083333333333335,2,3.0416666666666665,NA,52,1,NA,NA,NA,NA,NA
498,0,2.9,2.05,1.15,1.3,3.15,26,23,1,22,31,37,33,32
498,1,3,2.625,1.25,1.25,2.75,26,23,1,22,31,37,33,32
498,2,5,2.875,1.25,1,2.5,26,23,1,22,31,37,33,32
498,3,3.25,2.875,1.25,1.5,2.75,26,23,1,22,31,37,33,32
498,4,3.125,3.625,1.5625,1.125,3.2291666666666665,26,23,1,22,31,37,33,32
498,5,NA,NA,NA,NA,NA,26,23,1,22,31,37,33,32
498,6,NA,NA,NA,NA,NA,26,23,1,22,31,37,33,32
500,0,1.8333333333333333,1.8333333333333333,1.5416666666666667,1.1666666666666667,2.9166666666666665,19,20,0,21,25,37,36,33
500,1,1.5833333333333333,2.3333333333333335,1.1666666666666667,1,2.9583333333333335,19,20,0,21,25,37,36,33
500,2,1.5,1.1666666666666667,1.1666666666666667,1,2.9375,19,20,0,21,25,37,36,33
500,3,1.5833333333333333,1.4166666666666667,1,1,3.6666666666666665,19,20,0,21,25,37,36,33
500,4,1.7,1.7708333333333333,1.0666666666666667,1,2.55,19,20,0,21,25,37,36,33
500,5,2,1.9583333333333333,1.15,1,3.4027777777777777,19,20,0,21,25,37,36,33
500,6,2,2.375,1,1,2.7,19,20,0,21,25,37,36,33
501,0,2.75,2.375,1.6666666666666667,1.5,2.875,23,37,1,31,20,32,36,37
501,1,3.125,3.2083333333333335,2.875,2.75,3,23,37,1,31,20,32,36,37
501,2,3.0833333333333335,2.9583333333333335,1.7916666666666667,1.75,3,23,37,1,31,20,32,36,37
501,3,2,2,2.125,2.125,2.8125,23,37,1,31,20,32,36,37
501,4,3,3.75,2,1,3,23,37,1,31,20,32,36,37
501,5,2.7,2.7,1.85,1.6,3.1,23,37,1,31,20,32,36,37
501,6,3,2.75,1.4375,1.125,3.0625,23,37,1,31,20,32,36,37
502,0,4.666666666666667,4.333333333333333,1.1666666666666667,1,4.291666666666667,18,26,1,29,28,40,39,39
502,1,4.916666666666667,4.5,1.0833333333333333,1,4.708333333333333,18,26,1,29,28,40,39,39
502,2,4.666666666666667,4.625,1.0416666666666667,1.05,4.625,18,26,1,29,28,40,39,39
502,3,4.583333333333333,3.625,1.3333333333333333,1,4.666666666666667,18,26,1,29,28,40,39,39
502,4,4.666666666666667,3.7083333333333335,1.5277777777777777,1.05,4.791666666666667,18,26,1,29,28,40,39,39
502,5,4.75,4.5,1.4166666666666667,1,4.958333333333333,18,26,1,29,28,40,39,39
502,6,5,4,1.0416666666666667,1,4.875,18,26,1,29,28,40,39,39
503,0,2.5833333333333335,1.875,1.7222222222222223,2.7083333333333335,3.875,10,33,1,33,32,38,34,31
503,1,1.8333333333333333,2.0833333333333335,2.625,3.2083333333333335,2.875,10,33,1,33,32,38,34,31
503,2,3,2,2.0416666666666665,2.6666666666666665,3.2083333333333335,10,33,1,33,32,38,34,31
503,3,3.1666666666666665,3.25,1.4583333333333333,1.8333333333333333,4.291666666666667,10,33,1,33,32,38,34,31
503,4,2.2,1.5,1.95,2.6,3.6,10,33,1,33,32,38,34,31
503,5,1.8333333333333333,1.4166666666666667,1.7916666666666667,2.375,3.5833333333333335,10,33,1,33,32,38,34,31
503,6,2.3,2.05,1.15,2.4,4.35,10,33,1,33,32,38,34,31
504,0,1.25,1.6875,2.8125,2.5,2.75,17,49,1,26,32,41,28,39
504,1,2,2,2.25,2.25,2.75,17,49,1,26,32,41,28,39
504,2,2.375,2.3125,2.1875,2.0625,2.9375,17,49,1,26,32,41,28,39
504,3,3,2.75,1.75,2,2.75,17,49,1,26,32,41,28,39
504,4,3,3.125,1.25,1.5,2.875,17,49,1,26,32,41,28,39
504,5,2.6,2.625,1.6,1.9,3.1833333333333336,17,49,1,26,32,41,28,39
504,6,2.75,2.75,1.125,1.6875,2.6875,17,49,1,26,32,41,28,39
505,0,3,2.5416666666666665,1.25,1.75,3.125,28,21,0,26,24,42,29,23
505,1,2.375,2.3125,1.8125,2.125,2.875,28,21,0,26,24,42,29,23
505,2,2.5,2.3333333333333335,2.3333333333333335,2.3333333333333335,2.75,28,21,0,26,24,42,29,23
505,3,NA,NA,NA,NA,NA,28,21,0,26,24,42,29,23
505,4,2.3333333333333335,1.6666666666666667,2.75,2.8333333333333335,2.4722222222222223,28,21,0,26,24,42,29,23
505,5,3.25,3.3333333333333335,1.3125,1.25,3.3125,28,21,0,26,24,42,29,23
505,6,3,2.25,1.75,1.75,3.25,28,21,0,26,24,42,29,23
506,0,2.3333333333333335,2.125,1.125,2.3333333333333335,2.4583333333333335,17,20,1,26,30,31,32,31
506,1,2,1.5416666666666667,2.5416666666666665,2.2916666666666665,1.9166666666666667,17,20,1,26,30,31,32,31
506,2,2,1.75,1.3888888888888888,2.25,2.2916666666666665,17,20,1,26,30,31,32,31
506,3,2,1.6875,1.5208333333333333,2,2.25,17,20,1,26,30,31,32,31
506,4,2.5833333333333335,2,1.5,2,2.625,17,20,1,26,30,31,32,31
506,5,2.5,2,1.5333333333333334,2,2.75,17,20,1,26,30,31,32,31
506,6,2.5,2,1.4583333333333333,2,2.7916666666666665,17,20,1,26,30,31,32,31
507,0,3.25,3.0625,1.6875,2.1875,2.9375,29,52,0,24,38,41,30,33
507,1,3.1,3.1,1.05,1.45,2.9,29,52,0,24,38,41,30,33
507,2,3.0833333333333335,3.125,1,1.1666666666666667,2.9583333333333335,29,52,0,24,38,41,30,33
507,3,3.2,3.4,1,1,3.25,29,52,0,24,38,41,30,33
507,4,3.5833333333333335,4.166666666666667,1,1,3.0416666666666665,29,52,0,24,38,41,30,33
507,5,3.2,4.05,1.05,1,2.95,29,52,0,24,38,41,30,33
507,6,2.6,3.7,1.4,1.15,3.0833333333333335,29,52,0,24,38,41,30,33
508,0,4.083333333333333,3.375,1.3333333333333333,1.25,3.4583333333333335,29,42,1,10,26,27,42,37
508,1,4.5,4.45,1.1,1.05,3.85,29,42,1,10,26,27,42,37
508,2,4,3.9375,1,1.125,4.125,29,42,1,10,26,27,42,37
508,3,3.9,3.95,1.35,1.05,4.05,29,42,1,10,26,27,42,37
508,4,3.875,3.625,1.1875,1.1875,4.25,29,42,1,10,26,27,42,37
508,5,3.9166666666666665,4.083333333333333,1.0416666666666667,1,4.208333333333333,29,42,1,10,26,27,42,37
508,6,4.416666666666667,4.25,1,1,4.166666666666667,29,42,1,10,26,27,42,37
509,0,4.75,3.875,1.125,1,4.333333333333333,22,21,1,23,27,33,37,37
509,1,4.416666666666667,3.4583333333333335,1,1,4.458333333333333,22,21,1,23,27,33,37,37
509,2,4.25,3.1666666666666665,1,1,4.625,22,21,1,23,27,33,37,37
509,3,4.125,3.1875,1,1,4.625,22,21,1,23,27,33,37,37
509,4,3.9,3.05,1,1,4.55,22,21,1,23,27,33,37,37
509,5,4.416666666666667,3.25,1,1,4.666666666666667,22,21,1,23,27,33,37,37
509,6,4.416666666666667,3.45,1.1,1,4.541666666666667,22,21,1,23,27,33,37,37
510,0,3.3333333333333335,2.0416666666666665,1.7916666666666667,1,2.75,18,20,1,25,24,37,29,30
510,1,3.5,2.55,1.4,1,2.5,18,20,1,25,24,37,29,30
510,2,2.9166666666666665,2,1.25,1,3.0833333333333335,18,20,1,25,24,37,29,30
510,3,3.125,2.5,1,1.0625,2.875,18,20,1,25,24,37,29,30
510,4,4.2,3.55,1,1,2.95,18,20,1,25,24,37,29,30
510,5,4,3.5,1.1875,1.0833333333333333,3.125,18,20,1,25,24,37,29,30
510,6,3.0833333333333335,2.6666666666666665,1.05,1,2.875,18,20,1,25,24,37,29,30
511,0,4.4,4.45,1.2,1.15,4.35,24,23,1,21,29,32,43,39
511,1,NA,NA,NA,NA,NA,24,23,1,21,29,32,43,39
511,2,4,3.7916666666666665,1.0833333333333333,1.1666666666666667,4.125,24,23,1,21,29,32,43,39
511,3,4,3.7916666666666665,1,1.125,4.25,24,23,1,21,29,32,43,39
511,4,4,3.875,1,1,4.25,24,23,1,21,29,32,43,39
511,5,4,3.75,1,1,4.25,24,23,1,21,29,32,43,39
511,6,4,3.9166666666666665,1,1,4.166666666666667,24,23,1,21,29,32,43,39
512,0,2.1666666666666665,2.1666666666666665,2.5833333333333335,2.625,2.875,21,28,1,38,15,30,21,25
512,1,2.2,2.1,2.4,2.3,3.05,21,28,1,38,15,30,21,25
512,2,1.5833333333333333,1.375,3.2083333333333335,3.0416666666666665,2.4166666666666665,21,28,1,38,15,30,21,25
512,3,1.9166666666666667,1.8333333333333333,2.1666666666666665,2.1666666666666665,3.2083333333333335,21,28,1,38,15,30,21,25
512,4,2.2,1.85,2.7,2.35,3,21,28,1,38,15,30,21,25
512,5,2,1.65,3.75,2.9,2.2,21,28,1,38,15,30,21,25
512,6,2.6,2.55,2.3,2.3,3.45,21,28,1,38,15,30,21,25
514,0,3.25,2.875,1.4166666666666667,1,3.75,12,28,0,15,21,31,39,37
514,1,3.0833333333333335,2.9583333333333335,1.3333333333333333,1,3.6666666666666665,12,28,0,15,21,31,39,37
514,2,3.5,2.85,1.15,1,3.65,12,28,0,15,21,31,39,37
514,3,2.5833333333333335,1.9583333333333333,1.375,1.0416666666666667,3.4583333333333335,12,28,0,15,21,31,39,37
514,4,3,2.625,1.0625,1,3.625,12,28,0,15,21,31,39,37
514,5,2.8333333333333335,2.5833333333333335,1.25,1,3.6666666666666665,12,28,0,15,21,31,39,37
514,6,2.9166666666666665,2.5833333333333335,1.3333333333333333,1,3.4166666666666665,12,28,0,15,21,31,39,37
515,0,2.3333333333333335,2.0833333333333335,2.5833333333333335,2.5,2.4583333333333335,24,57,1,30,18,41,29,31
515,1,2.0833333333333335,2.375,3.9166666666666665,2.7083333333333335,1.75,24,57,1,30,18,41,29,31
515,2,1.9166666666666667,1.9583333333333333,4.333333333333333,2.7916666666666665,1.1666666666666667,24,57,1,30,18,41,29,31
515,3,1.6,1.65,3.15,2.65,1.6,24,57,1,30,18,41,29,31
515,4,1.5,1.7916666666666667,1.5833333333333333,2.3333333333333335,1.875,24,57,1,30,18,41,29,31
515,5,1.4166666666666667,1.625,1.4583333333333333,2.3333333333333335,2.1666666666666665,24,57,1,30,18,41,29,31
515,6,1.8333333333333333,2.0416666666666665,1.5416666666666667,2.0833333333333335,2.375,24,57,1,30,18,41,29,31
519,0,1.9166666666666667,2.0833333333333335,1.0416666666666667,1.2916666666666667,3.3333333333333335,21,24,0,28,31,38,25,27
519,1,1.9166666666666667,2.1666666666666665,1.125,1.2083333333333333,3.375,21,24,0,28,31,38,25,27
519,2,1.4166666666666667,1.5833333333333333,1.1666666666666667,1.375,2.9583333333333335,21,24,0,28,31,38,25,27
519,3,1.0833333333333333,1.375,1.9583333333333333,1.7916666666666667,2.2083333333333335,21,24,0,28,31,38,25,27
519,4,1.5833333333333333,1.9166666666666667,1.2083333333333333,1.1666666666666667,2.875,21,24,0,28,31,38,25,27
519,5,1.9166666666666667,1.6666666666666667,1.25,1.5833333333333333,3.0416666666666665,21,24,0,28,31,38,25,27
519,6,1,1.125,1.8,2.25,2.35,21,24,0,28,31,38,25,27
520,0,2.3333333333333335,2.0833333333333335,3.8333333333333335,3.8333333333333335,1.6666666666666667,NA,23,1,NA,NA,NA,NA,NA
520,1,2.875,2.875,1.375,1.25,3.875,NA,23,1,NA,NA,NA,NA,NA
520,2,2.625,3.125,1.6875,1.875,3.75,NA,23,1,NA,NA,NA,NA,NA
520,3,4.166666666666667,4,2.1666666666666665,1.25,3.5833333333333335,NA,23,1,NA,NA,NA,NA,NA
520,4,2.8333333333333335,2.5833333333333335,2.5,2.1666666666666665,2.6666666666666665,NA,23,1,NA,NA,NA,NA,NA
520,5,2.5,2.5833333333333335,2.3333333333333335,2.5833333333333335,3.3333333333333335,NA,23,1,NA,NA,NA,NA,NA
520,6,2,2.5,2.75,3.25,3.5,NA,23,1,NA,NA,NA,NA,NA
521,0,1.75,1.625,2.875,2,2.875,17,23,1,27,28,31,38,35
521,1,2.4166666666666665,2.375,1.25,1.0833333333333333,3.375,17,23,1,27,28,31,38,35
521,2,2.2,1.6,1.3,1.3,2.9,17,23,1,27,28,31,38,35
521,3,1.6,1.375,1.1875,1.7,2.95,17,23,1,27,28,31,38,35
521,4,1.5833333333333333,1.15,1.6875,2.25,2.9305555555555554,17,23,1,27,28,31,38,35
521,5,1.0833333333333333,1.05,2.25,2.5,2.75,17,23,1,27,28,31,38,35
521,6,1.625,1.25,3.0625,1.9375,2.75,17,23,1,27,28,31,38,35
522,0,1.8333333333333333,1.6666666666666667,2.1666666666666665,1.9166666666666667,2.5,14,23,1,32,22,30,36,32
522,1,NA,NA,NA,NA,NA,14,23,1,32,22,30,36,32
522,2,NA,NA,NA,NA,NA,14,23,1,32,22,30,36,32
522,3,NA,NA,NA,NA,NA,14,23,1,32,22,30,36,32
522,4,NA,NA,NA,NA,NA,14,23,1,32,22,30,36,32
522,5,NA,NA,NA,NA,NA,14,23,1,32,22,30,36,32
522,6,NA,NA,NA,NA,NA,14,23,1,32,22,30,36,32
524,0,4.166666666666667,4.416666666666667,1.3333333333333333,1.0416666666666667,3.625,24,53,1,23,24,42,35,40
524,1,4.25,3.4583333333333335,2.875,2.0833333333333335,2.5833333333333335,24,53,1,23,24,42,35,40
524,2,4.2,3.45,3.6,3.1,1.75,24,53,1,23,24,42,35,40
524,3,3.1,2.65,2.9,2.95,2.05,24,53,1,23,24,42,35,40
524,4,4,3.4166666666666665,2.9583333333333335,2.75,2.0416666666666665,24,53,1,23,24,42,35,40
524,5,3.5,2.95,2.35,2.8,2.2,24,53,1,23,24,42,35,40
524,6,2.0833333333333335,1.9166666666666667,3.8333333333333335,4.041666666666667,1.3333333333333333,24,53,1,23,24,42,35,40
526,0,3.9166666666666665,3.4583333333333335,2.375,1.5833333333333333,3.125,16,34,0,19,30,36,42,44
526,1,3.9166666666666665,3.4166666666666665,2.2916666666666665,1.0416666666666667,3,16,34,0,19,30,36,42,44
526,2,3.8333333333333335,3.2916666666666665,2.125,1.25,3.125,16,34,0,19,30,36,42,44
526,3,3.5,3.0416666666666665,2.0833333333333335,1.125,3.625,16,34,0,19,30,36,42,44
526,4,3.75,3.2083333333333335,2.0416666666666665,1.25,3.0416666666666665,16,34,0,19,30,36,42,44
526,5,4.083333333333333,3.5833333333333335,2.0833333333333335,1,3.1666666666666665,16,34,0,19,30,36,42,44
526,6,4,3.5416666666666665,2.1666666666666665,1,3.0833333333333335,16,34,0,19,30,36,42,44
527,0,3.5,2.5833333333333335,1.25,1,3.875,18,24,1,14,30,46,25,35
527,1,1.5,1.25,1.6666666666666667,1,2.5,18,24,1,14,30,46,25,35
527,2,3.0833333333333335,2.7916666666666665,1.05,1.0625,3.8194444444444446,18,24,1,14,30,46,25,35
527,3,2.7,2.1,1.1,1.0625,3.45,18,24,1,14,30,46,25,35
527,4,3.1,2.35,1,1,3.5,18,24,1,14,30,46,25,35
527,5,3.4,2.3166666666666664,1,1,3.7,18,24,1,14,30,46,25,35
527,6,3.4,3.05,1,1,3.25,18,24,1,14,30,46,25,35
528,0,2.9166666666666665,2.3333333333333335,1.125,1.5416666666666667,3.5,21,54,1,17,22,34,43,33
528,1,4.083333333333333,3.375,1.2083333333333333,1.4166666666666667,3.9166666666666665,21,54,1,17,22,34,43,33
528,2,4.5,4.125,1.0416666666666667,1.1666666666666667,3.7916666666666665,21,54,1,17,22,34,43,33
528,3,4.083333333333333,3.6666666666666665,1.0833333333333333,1.1666666666666667,3.5416666666666665,21,54,1,17,22,34,43,33
528,4,3.6666666666666665,3.0416666666666665,1,1,3.4166666666666665,21,54,1,17,22,34,43,33
528,5,3,2.5833333333333335,1,1.0416666666666667,3.4583333333333335,21,54,1,17,22,34,43,33
528,6,2.3333333333333335,1.7916666666666667,1.125,1,4,21,54,1,17,22,34,43,33
529,0,2.6666666666666665,2.75,2.125,1.5,2.625,29,47,1,32,34,45,38,26
529,1,1.9,2.1,2.1,1.45,2.65,29,47,1,32,34,45,38,26
529,2,2.1,2.65,1.45,1.55,2.4,29,47,1,32,34,45,38,26
529,3,2.25,2.375,1.3333333333333333,1.3333333333333333,2.125,29,47,1,32,34,45,38,26
529,4,1.6666666666666667,1.8333333333333333,1.5416666666666667,1.6666666666666667,2.4583333333333335,29,47,1,32,34,45,38,26
529,5,2.25,2.2083333333333335,1.4583333333333333,1.5,2.0833333333333335,29,47,1,32,34,45,38,26
529,6,2.0833333333333335,2.4583333333333335,1.125,1.4166666666666667,2.4166666666666665,29,47,1,32,34,45,38,26
531,0,3.625,3.0625,1.125,1.1875,2.9375,22,20,1,12,8,26,14,17
531,1,3.1,3.05,1.3,1.1,3.45,22,20,1,12,8,26,14,17
531,2,2.9,3.1,1.45,1.15,3.65,22,20,1,12,8,26,14,17
531,3,3,2.625,1.75,1.3333333333333333,3.25,22,20,1,12,8,26,14,17
531,4,3,3.15,1.75,1.25,3.4833333333333334,22,20,1,12,8,26,14,17
531,5,1.5,1.4166666666666667,1.5,1.25,2.9166666666666665,22,20,1,12,8,26,14,17
531,6,2.5,2,1.125,1.0625,3.4375,22,20,1,12,8,26,14,17
532,0,2,1.7,1.65,1.7,3.25,22,23,0,19,27,32,31,27
532,1,2.9166666666666665,3.0416666666666665,1.0625,1.125,3.2916666666666665,22,23,0,19,27,32,31,27
532,2,2.25,1.9583333333333333,1.5416666666666667,1,3.0833333333333335,22,23,0,19,27,32,31,27
532,3,2.625,2.4375,1.0625,1,3.625,22,23,0,19,27,32,31,27
532,4,3.1,2.8,1.15,1,3.25,22,23,0,19,27,32,31,27
532,5,2.9,2,1.4,1.0625,3.3,22,23,0,19,27,32,31,27
532,6,3.1,2.95,1.1875,1,3.45,22,23,0,19,27,32,31,27
533,0,3.5,3.3,1.4,1.2,3.95,17,30,1,21,24,38,34,37
533,1,3.5,3.0416666666666665,1.1666666666666667,1.0416666666666667,4.125,17,30,1,21,24,38,34,37
533,2,3.8333333333333335,2.5833333333333335,1.4166666666666667,1.1666666666666667,4.25,17,30,1,21,24,38,34,37
533,3,3.5,2.875,1.2916666666666667,1.1666666666666667,4.041666666666667,17,30,1,21,24,38,34,37
533,4,3.375,1.9166666666666667,1.0833333333333333,1,4.0625,17,30,1,21,24,38,34,37
533,5,3.8333333333333335,3.0833333333333335,1,1.0416666666666667,4.208333333333333,17,30,1,21,24,38,34,37
533,6,3.3333333333333335,2.9583333333333335,1,1,4.125,17,30,1,21,24,38,34,37
534,0,3.7,2.8,2.35,2.2,3.4,22,52,0,15,23,43,35,28
534,1,4.5,4,2.125,1.5416666666666667,3.75,22,52,0,15,23,43,35,28
534,2,4.833333333333333,4.166666666666667,1.6666666666666667,1.5416666666666667,4,22,52,0,15,23,43,35,28
534,3,4.833333333333333,4.333333333333333,1.25,1.0833333333333333,3.9583333333333335,22,52,0,15,23,43,35,28
534,4,4.375,3.8125,1.5625,1.3125,4,22,52,0,15,23,43,35,28
534,5,5,3.85,2,1.4,3.6,22,52,0,15,23,43,35,28
534,6,4.9,4.1,2.05,1.65,3.35,22,52,0,15,23,43,35,28
535,0,3.3333333333333335,2.4583333333333335,1.8333333333333333,2.0833333333333335,2.8333333333333335,20,54,1,26,23,28,36,28
535,1,1.7,1.45,2.1,3.15,2.55,20,54,1,26,23,28,36,28
535,2,2.625,2.4375,1.4375,1.9375,3.0625,20,54,1,26,23,28,36,28
535,3,2.5833333333333335,1.7916666666666667,2.2916666666666665,2.375,2.5833333333333335,20,54,1,26,23,28,36,28
535,4,3.4166666666666665,2.7083333333333335,1.0833333333333333,1.2083333333333333,4.083333333333333,20,54,1,26,23,28,36,28
535,5,2.9166666666666665,2.8333333333333335,1.4583333333333333,1.9166666666666665,3.625,20,54,1,26,23,28,36,28
535,6,4,3.5416666666666665,1,1,4.333333333333333,20,54,1,26,23,28,36,28
536,0,1.5,1.875,3.1875,3.6875,2.4375,16,21,0,32,21,31,33,26
536,1,1.7,2.55,1.95,2.5,2.8,16,21,0,32,21,31,33,26
536,2,1.9,2,2.4375,2.95,2.75,16,21,0,32,21,31,33,26
536,3,2.25,2.4166666666666665,2.125,2.4166666666666665,3.3333333333333335,16,21,0,32,21,31,33,26
536,4,2,2.125,1.8125,1.9375,3.1875,16,21,0,32,21,31,33,26
536,5,1.875,2.3125,1.9375,1.8125,3.25,16,21,0,32,21,31,33,26
536,6,1.4166666666666667,1.9166666666666667,1.7083333333333333,1.9166666666666667,3.2777777777777777,16,21,0,32,21,31,33,26
537,0,2.1,1.375,1.625,1.3,2.55,20,21,0,20,15,32,34,27
537,1,2.0833333333333335,1.7916666666666667,1.5,1.3333333333333333,2.7083333333333335,20,21,0,20,15,32,34,27
537,2,1.6,2.0625,1.5,1.45,2.716666666666667,20,21,0,20,15,32,34,27
537,3,2.25,1.25,1.25,1,2.555555555555556,20,21,0,20,15,32,34,27
537,4,2.25,1.8333333333333333,1.75,1,2.2,20,21,0,20,15,32,34,27
537,5,2.375,2.4166666666666665,1.6666666666666667,1.0833333333333333,2.8125,20,21,0,20,15,32,34,27
537,6,2.5,1.875,1.75,1.2,3.1,20,21,0,20,15,32,34,27
538,0,1.9166666666666665,1.625,2.2083333333333335,3.7083333333333335,2.8333333333333335,23,49,1,29,13,15,43,20
538,1,1.75,1.9583333333333333,1.4583333333333333,2.7083333333333335,3.25,23,49,1,29,13,15,43,20
538,2,2,1.75,1.7916666666666667,3,2.8333333333333335,23,49,1,29,13,15,43,20
538,3,1.5833333333333333,1.2083333333333333,1.75,2.6666666666666665,2.8333333333333335,23,49,1,29,13,15,43,20
538,4,1.5,1.4166666666666667,1.75,2.4583333333333335,3,23,49,1,29,13,15,43,20
538,5,1.5833333333333333,1.1666666666666667,1.625,2.375,3.0833333333333335,23,49,1,29,13,15,43,20
538,6,1.4166666666666667,1.2916666666666667,1.75,2.4166666666666665,2.9583333333333335,23,49,1,29,13,15,43,20
539,0,4.333333333333333,3.3333333333333335,2.0416666666666665,2,3,NA,55,1,NA,NA,NA,NA,NA
539,1,4,3.5,2,2,3.1666666666666665,NA,55,1,NA,NA,NA,NA,NA
539,2,4,3.7916666666666665,2,2,3.2916666666666665,NA,55,1,NA,NA,NA,NA,NA
539,3,4,3.9166666666666665,2,2,3.2083333333333335,NA,55,1,NA,NA,NA,NA,NA
539,4,4,3.9583333333333335,2,2,3.2083333333333335,NA,55,1,NA,NA,NA,NA,NA
539,5,4,3.7916666666666665,2.0833333333333335,2.0416666666666665,2.875,NA,55,1,NA,NA,NA,NA,NA
539,6,3.8333333333333335,3.4583333333333335,2,2.125,3,NA,55,1,NA,NA,NA,NA,NA
540,0,4,3.15,1.25,1.2,4,22,56,1,24,25,44,37,34
540,1,4.333333333333333,2.375,2.1875,1.3333333333333333,3.5833333333333335,22,56,1,24,25,44,37,34
540,2,3.7,3.2,1.55,1.35,3.65,22,56,1,24,25,44,37,34
540,3,3.6666666666666665,3.1666666666666665,1.5833333333333333,1.75,3.25,22,56,1,24,25,44,37,34
540,4,2,2,2,1.75,2.75,22,56,1,24,25,44,37,34
540,5,3.25,2.6875,2.4375,1.9375,2.6875,22,56,1,24,25,44,37,34
540,6,4.125,3.9375,2.1875,1.0625,3.625,22,56,1,24,25,44,37,34
541,0,4.583333333333333,4.333333333333333,1.125,1.0416666666666667,4.083333333333333,23,28,0,20,25,33,37,38
541,1,4.583333333333333,4.75,1,1,4.083333333333333,23,28,0,20,25,33,37,38
541,2,4.833333333333333,4.958333333333333,1,1,3.9166666666666665,23,28,0,20,25,33,37,38
541,3,5,4.791666666666667,1,1,4.208333333333333,23,28,0,20,25,33,37,38
541,4,5,5,1,1,4.25,23,28,0,20,25,33,37,38
541,5,5,5,1,1,4.125,23,28,0,20,25,33,37,38
541,6,5,5,1,1,4,23,28,0,20,25,33,37,38
542,0,2.6,1.6,2.9,3.15,2.75,14,19,1,33,25,41,25,32
542,1,1.875,2.1875,2.625,2.375,3,14,19,1,33,25,41,25,32
542,2,3.1,2.75,2.3125,2.75,2.5,14,19,1,33,25,41,25,32
542,3,2.25,2.1875,2.875,3.125,3.0625,14,19,1,33,25,41,25,32
542,4,1.6666666666666667,2,3.3333333333333335,3.1666666666666665,1.9166666666666667,14,19,1,33,25,41,25,32
542,5,2.375,2.75,1.9375,2.1875,3.6875,14,19,1,33,25,41,25,32
542,6,1.75,1.625,3.125,2.625,1.875,14,19,1,33,25,41,25,32
543,0,4.5,3.4166666666666665,1,1.1666666666666667,3.7083333333333335,25,19,0,15,34,36,40,35
543,1,4.75,4.25,1,1,3.5,25,19,0,15,34,36,40,35
543,2,4.25,3.875,1.1,1,3.25,25,19,0,15,34,36,40,35
543,3,4.083333333333333,3.3333333333333335,1.1666666666666667,1,2.9583333333333335,25,19,0,15,34,36,40,35
543,4,3.1666666666666665,2.5416666666666665,2.0416666666666665,1.1666666666666667,2.875,25,19,0,15,34,36,40,35
543,5,3.6,3.1,1.05,1,3.15,25,19,0,15,34,36,40,35
543,6,3.8,3,1.05,1,3.15,25,19,0,15,34,36,40,35
544,0,2.3,1.95,1.75,1.6,3.5,17,21,0,29,22,38,34,27
544,1,3.2,3.85,1.35,1.4,3.5,17,21,0,29,22,38,34,27
544,2,2.8,2.3,1.5,1.3,3.5,17,21,0,29,22,38,34,27
544,3,2.75,2.125,1.4375,1.4375,3,17,21,0,29,22,38,34,27
544,4,3,2.05,1.95,1.75,2.716666666666667,17,21,0,29,22,38,34,27
544,5,2.6666666666666665,1.875,2.9375,1.875,2.5,17,21,0,29,22,38,34,27
544,6,2.25,2.8333333333333335,2.4444444444444446,1.8333333333333333,3.5555555555555554,17,21,0,29,22,38,34,27
546,0,3.5833333333333335,2.2083333333333335,1.1666666666666667,1,2.9166666666666665,25,59,0,13,31,40,40,39
546,1,3.25,2.4166666666666665,1,1,3.0833333333333335,25,59,0,13,31,40,40,39
546,2,3.0833333333333335,2.4166666666666665,1.2916666666666667,1.25,2.9583333333333335,25,59,0,13,31,40,40,39
546,3,3.0833333333333335,2.0416666666666665,1,1.0833333333333333,3.0416666666666665,25,59,0,13,31,40,40,39
546,4,2.8333333333333335,1.6666666666666667,1.3333333333333333,1.2083333333333333,2.8333333333333335,25,59,0,13,31,40,40,39
546,5,3.3333333333333335,2.5,1,1,3.125,25,59,0,13,31,40,40,39
546,6,3.3333333333333335,2.6666666666666665,1.125,1.0416666666666667,3.125,25,59,0,13,31,40,40,39
547,0,NA,NA,NA,NA,NA,27,19,1,33,18,47,24,22
547,1,NA,NA,NA,NA,NA,27,19,1,33,18,47,24,22
547,2,NA,NA,NA,NA,NA,27,19,1,33,18,47,24,22
547,3,NA,NA,NA,NA,NA,27,19,1,33,18,47,24,22
547,4,NA,NA,NA,NA,NA,27,19,1,33,18,47,24,22
547,5,NA,NA,NA,NA,NA,27,19,1,33,18,47,24,22
547,6,NA,NA,NA,NA,NA,27,19,1,33,18,47,24,22
548,0,2.8333333333333335,2.0833333333333335,1.625,1.2083333333333333,2.9166666666666665,15,19,0,24,17,27,29,32
548,1,2.4166666666666665,1.6666666666666667,1.125,1.4166666666666667,3,15,19,0,24,17,27,29,32
548,2,2.8333333333333335,1.4166666666666667,1.4166666666666667,1.3333333333333333,3,15,19,0,24,17,27,29,32
548,3,3.1666666666666665,2.2083333333333335,1.15,1,2.9166666666666665,15,19,0,24,17,27,29,32
548,4,3.6,3.5,1,1,3,15,19,0,24,17,27,29,32
548,5,3.5,2.9166666666666665,1,1,2.888888888888889,15,19,0,24,17,27,29,32
548,6,3.1666666666666665,3.0416666666666665,1.0416666666666667,1,3,15,19,0,24,17,27,29,32
551,0,3.8,3.45,1.7,1.7,2.85,22,36,0,26,26,33,41,35
551,1,3.7,3.3,1.75,1.5,3.25,22,36,0,26,26,33,41,35
551,2,3.75,3.0833333333333335,1.875,1.5416666666666667,3.4583333333333335,22,36,0,26,26,33,41,35
551,3,3.4,3.25,1.6,1.05,3.2,22,36,0,26,26,33,41,35
551,4,3.3333333333333335,2.1666666666666665,2.2083333333333335,1.6666666666666667,2.9166666666666665,22,36,0,26,26,33,41,35
551,5,3.4,2.45,2.45,1.35,2.85,22,36,0,26,26,33,41,35
551,6,3.75,2.75,2.125,1.3333333333333333,3.0416666666666665,22,36,0,26,26,33,41,35
553,0,4.5,4.55,2.25,1.4,3.65,27,32,1,23,28,40,26,29
553,1,4.6,4.85,2.25,1.3,3.2,27,32,1,23,28,40,26,29
553,2,4.75,4.875,2.5,1.2916666666666667,3.625,27,32,1,23,28,40,26,29
553,3,4.833333333333333,4.75,2.8333333333333335,1.25,3.125,27,32,1,23,28,40,26,29
553,4,4.583333333333333,4.583333333333333,3.3333333333333335,1.4583333333333333,3.125,27,32,1,23,28,40,26,29
553,5,4.75,4.875,3,1.3125,3.125,27,32,1,23,28,40,26,29
553,6,4.5,4.875,3.2916666666666665,1.2083333333333333,3.0833333333333335,27,32,1,23,28,40,26,29
554,0,3.5,3.4,1.2,1.15,3.65,25,59,1,20,32,33,37,39
554,1,3.8333333333333335,3.5416666666666665,1.375,1.0416666666666667,3.75,25,59,1,20,32,33,37,39
554,2,3.8,3.9,1.3,1.05,3.8,25,59,1,20,32,33,37,39
554,3,2.9166666666666665,2.5416666666666665,1.75,1.6666666666666667,3.625,25,59,1,20,32,33,37,39
554,4,2,1.3125,1.9375,2.375,3.375,25,59,1,20,32,33,37,39
554,5,1.75,1.25,1.5833333333333333,1.9583333333333333,3.7916666666666665,25,59,1,20,32,33,37,39
554,6,2.8,2.85,1,1.15,3.8,25,59,1,20,32,33,37,39
555,0,4,3.5,2.2083333333333335,1.1666666666666667,3.5,19,43,1,26,21,32,32,42
555,1,4.083333333333333,3.2083333333333335,1.1666666666666667,1.0416666666666667,4.041666666666667,19,43,1,26,21,32,32,42
555,2,3.8,2.8,2,1.2,3.1,19,43,1,26,21,32,32,42
555,3,3.75,3.25,1.4583333333333333,1.125,3.9583333333333335,19,43,1,26,21,32,32,42
555,4,3.9,3.2,1.35,1.2,4,19,43,1,26,21,32,32,42
555,5,4.125,3.8125,1.4375,1,4.25,19,43,1,26,21,32,32,42
555,6,3.875,3.1875,1,1,4.375,19,43,1,26,21,32,32,42
556,0,3.6666666666666665,3.5833333333333335,1.125,1.0833333333333333,3.6666666666666665,25,59,1,19,35,44,35,37
556,1,4.083333333333333,4.083333333333333,1.3333333333333333,1,3.5833333333333335,25,59,1,19,35,44,35,37
556,2,4.083333333333333,4.125,1.4583333333333333,1.0416666666666667,3.4583333333333335,25,59,1,19,35,44,35,37
556,3,2.8333333333333335,2.625,2.9166666666666665,1.4166666666666667,3.375,25,59,1,19,35,44,35,37
556,4,3.1666666666666665,2.6666666666666665,1.625,1.2083333333333333,3.5,25,59,1,19,35,44,35,37
556,5,2.5,3.0833333333333335,1.6666666666666667,1.1,3.75,25,59,1,19,35,44,35,37
556,6,2.9166666666666665,2.7083333333333335,1.8333333333333333,1.25,3.1805555555555554,25,59,1,19,35,44,35,37
558,0,3.7,3.5,1,1.05,3.85,23,44,1,15,31,41,41,37
558,1,3.9166666666666665,3.375,1.0833333333333333,1.0416666666666667,3.2916666666666665,23,44,1,15,31,41,41,37
558,2,3.25,2.875,1.375,1.125,3.2083333333333335,23,44,1,15,31,41,41,37
558,3,3.875,3.3125,1,1,3.3125,23,44,1,15,31,41,41,37
558,4,3.8,3.3,1,1,3.5,23,44,1,15,31,41,41,37
558,5,3.9166666666666665,3.375,1,1,3.25,23,44,1,15,31,41,41,37
558,6,3.8,3.8,1,1,3.4,23,44,1,15,31,41,41,37
559,0,2.7,2.6,2.65,2.75,2.95,21,61,1,16,40,34,39,42
559,1,2.4166666666666665,2.375,2.8333333333333335,2.2083333333333335,3,21,61,1,16,40,34,39,42
559,2,2.2,2,2.5,2.25,2.7,21,61,1,16,40,34,39,42
559,3,2.2,1.55,3,2.35,2.8,21,61,1,16,40,34,39,42
559,4,2.9166666666666665,2.5833333333333335,1.8333333333333333,1.625,3.125,21,61,1,16,40,34,39,42
559,5,3.9,3.2,1.2,1.2,3.2,21,61,1,16,40,34,39,42
559,6,4.416666666666667,4.041666666666667,1,1.125,4.416666666666667,21,61,1,16,40,34,39,42
560,0,4.8,4.45,1.3,1.55,3.7,24,46,0,18,27,35,35,37
560,1,3.625,3.0625,2.5,2.0625,2.6875,24,46,0,18,27,35,35,37
560,2,3.9166666666666665,4.208333333333333,1.7083333333333333,1.5416666666666667,3.125,24,46,0,18,27,35,35,37
560,3,4,4.15,1.9,1.5625,2.95,24,46,0,18,27,35,35,37
560,4,3.8,4.15,2.45,1.75,2.65,24,46,0,18,27,35,35,37
560,5,2.9,3.55,2.5,2.25,2.3,24,46,0,18,27,35,35,37
560,6,4.3,4.15,2.4,1.6875,2.5,24,46,0,18,27,35,35,37
562,0,2.3,2.4,1.45,1.95,3.15,19,57,1,26,29,33,35,41
562,1,2.7,2.9,1,1.6,3.6,19,57,1,26,29,33,35,41
562,2,2.6666666666666665,2.7916666666666665,1.0416666666666667,1.3333333333333333,3.7083333333333335,19,57,1,26,29,33,35,41
562,3,2.9166666666666665,2.9166666666666665,1.1666666666666667,1.2916666666666667,3.75,19,57,1,26,29,33,35,41
562,4,2.3333333333333335,2.4583333333333335,1.8333333333333333,2.0416666666666665,3.5416666666666665,19,57,1,26,29,33,35,41
562,5,2.75,2.8333333333333335,1.0833333333333333,1.375,3.625,19,57,1,26,29,33,35,41
562,6,2.8333333333333335,3.25,1,1.1666666666666667,3.6666666666666665,19,57,1,26,29,33,35,41
566,0,3.8333333333333335,3.1666666666666665,1.1666666666666667,1.0416666666666667,3.75,28,53,1,18,30,28,40,36
566,1,3.8333333333333335,3.4166666666666665,1.0416666666666667,1,3.75,28,53,1,18,30,28,40,36
566,2,3.1,3.05,1.3,1.4,3.3,28,53,1,18,30,28,40,36
566,3,3.4166666666666665,2.7083333333333335,1.375,1.2083333333333333,3.625,28,53,1,18,30,28,40,36
566,4,4,3.6,1.05,1,3.65,28,53,1,18,30,28,40,36
566,5,3.75,3.125,1.125,1.125,3.6875,28,53,1,18,30,28,40,36
566,6,3.9166666666666665,2.9166666666666665,1.1666666666666667,1.1666666666666667,3.625,28,53,1,18,30,28,40,36
568,0,3,2.8333333333333335,1.3333333333333333,1.7083333333333333,3.375,10,50,1,24,25,34,33,30
568,1,3,2.5833333333333335,1.1666666666666667,1.2916666666666667,3.2916666666666665,10,50,1,24,25,34,33,30
568,2,2.625,2.75,1.35,1.45,2.816666666666667,10,50,1,24,25,34,33,30
568,3,3,2.6875,1.3125,1.625,3.1875,10,50,1,24,25,34,33,30
568,4,2.4,2.6,1.65,1.9,2.95,10,50,1,24,25,34,33,30
568,5,2.4166666666666665,2.7083333333333335,1.7083333333333333,1.9583333333333333,3,10,50,1,24,25,34,33,30
568,6,2.6666666666666665,2.75,1.5,1.8333333333333333,3.0833333333333335,10,50,1,24,25,34,33,30
570,0,2.3,1.75,3.1,2.85,3,25,49,0,36,18,36,26,41
570,1,2.1666666666666665,2.625,4.041666666666667,2.5833333333333335,2.875,25,49,0,36,18,36,26,41
570,2,2.75,2.9166666666666665,3.5416666666666665,3.3333333333333335,2.4583333333333335,25,49,0,36,18,36,26,41
570,3,1.9166666666666667,2.0833333333333335,4.25,3.6666666666666665,2.1666666666666665,25,49,0,36,18,36,26,41
570,4,2.1666666666666665,2.125,3.5,3.4583333333333335,2.625,25,49,0,36,18,36,26,41
570,5,2.5,2.4583333333333335,3.55,2.7083333333333335,3.1805555555555554,25,49,0,36,18,36,26,41
570,6,2.6666666666666665,3,1.9166666666666667,1.1666666666666667,3.1666666666666665,25,49,0,36,18,36,26,41
